no_mushroom_sprout_count,small_medium_count,mature_count,total_count,mature_ratio,rh_pct,temp_c,co2_ppm,mist_duration_seconds
0,11,1,12,0.0833,95.4,23.7,1815,0.0
1,5,2,8,0.25,90.8,22.4,1436,0.3
1,7,1,9,0.1111,86.4,20.0,1687,0.6
2,8,0,10,0.0,84.3,25.3,1829,25.8
9,0,0,9,0.0,82.4,20.1,1490,20.5
3,3,0,6,0.0,93.0,22.2,1436,0.0
7,1,0,8,0.0,96.4,23.5,1590,1.4
0,3,4,7,0.5714,92.3,22.7,1493,2.2
2,7,1,10,0.1,86.8,22.0,1425,1.0
0,5,2,7,0.2857,93.5,22.6,1238,0.0
5,1,0,6,0.0,98.0,20.2,1080,2.9
1,0,1,2,0.5,82.9,22.8,917,3.4
0,5,3,8,0.375,94.5,18.1,1752,0.0
9,0,0,9,0.0,91.5,22.8,1237,11.7
8,1,0,9,0.0,72.4,25.8,1122,25.8
5,1,0,6,0.0,80.8,23.6,1179,19.9
2,5,0,7,0.0,85.0,21.9,1657,15.6
2,9,2,13,0.1538,92.5,27.3,1876,0.0
1,9,4,14,0.2857,91.1,23.5,2032,0.0
6,1,0,7,0.0,92.7,20.2,1117,0.0
2,9,3,14,0.2143,83.5,23.4,2360,4.5
12,1,0,13,0.0,83.6,20.2,1589,22.3
8,0,0,8,0.0,92.7,16.0,1513,0.0
1,9,1,11,0.0909,83.2,20.8,2003,0.0
0,9,0,9,0.0,82.0,25.1,1623,26.7
2,6,0,8,0.0,92.2,23.7,1778,0.0
5,2,0,7,0.0,92.9,22.0,1198,1.0
2,6,2,10,0.2,91.4,17.7,1959,0.0
3,9,0,12,0.0,78.2,22.5,1932,30.6
9,1,0,10,0.0,78.1,24.4,1517,20.7
1,13,0,14,0.0,95.5,20.1,2094,0.0
5,2,0,7,0.0,90.1,22.9,1422,13.0
5,0,0,5,0.0,87.0,19.7,1079,11.4
1,3,1,5,0.2,87.3,23.3,1668,0.7
1,3,0,4,0.0,78.9,20.8,1087,16.3
1,3,0,4,0.0,67.2,28.0,1118,31.1
1,4,2,7,0.2857,98.0,18.7,1327,0.0
5,1,0,6,0.0,93.0,19.6,1084,0.0
4,9,1,14,0.0714,82.8,24.0,1825,0.0
4,7,0,11,0.0,89.7,16.9,1601,15.1
6,0,0,6,0.0,82.0,16.3,1343,18.5
2,3,0,5,0.0,98.0,18.0,1177,0.0
3,0,0,3,0.0,83.9,21.4,1046,14.9
0,2,2,4,0.5,93.1,20.9,1468,0.2
12,0,0,12,0.0,89.2,21.5,1394,12.7
2,7,0,9,0.0,88.7,20.8,1462,13.2
2,8,2,12,0.1667,80.4,21.8,2086,0.9
4,8,0,12,0.0,84.5,21.1,1611,19.2
3,7,1,11,0.0909,90.0,22.4,1681,0.0
8,0,0,8,0.0,80.9,25.5,1377,22.7
0,3,1,4,0.25,90.0,19.9,1171,0.0
2,10,2,14,0.1429,90.0,21.6,2005,0.4
2,3,0,5,0.0,77.4,20.7,1032,22.7
0,1,4,5,0.8,97.1,18.2,1348,0.0
1,2,0,3,0.0,87.5,22.1,1132,10.5
0,2,1,3,0.3333,98.0,20.2,1158,0.0
5,4,0,9,0.0,75.2,23.0,1647,28.8
5,2,0,7,0.0,86.4,25.6,1289,15.1
5,1,0,6,0.0,98.0,23.3,1156,0.0
1,7,0,8,0.0,82.7,17.5,1300,22.4
0,11,2,13,0.1538,82.5,24.0,1835,1.5
8,0,0,8,0.0,84.6,21.3,1257,12.5
0,5,2,7,0.2857,93.0,22.2,1402,0.0
3,7,0,10,0.0,90.8,20.8,1711,12.5
6,0,0,6,0.0,98.0,21.5,1117,0.0
2,13,0,15,0.0,81.3,24.6,1892,29.2
9,1,0,10,0.0,95.2,22.1,1114,0.5
0,1,1,2,0.5,96.2,20.6,981,0.0
6,3,0,9,0.0,92.0,21.2,1526,11.1
0,6,0,6,0.0,90.9,21.6,1274,12.0
1,10,2,13,0.1538,84.6,22.0,1861,1.8
8,2,0,10,0.0,88.1,21.2,1548,9.9
4,0,0,4,0.0,95.3,23.2,1047,1.1
0,3,2,5,0.4,86.2,21.2,1285,0.0
1,8,0,9,0.0,92.5,26.4,1592,0.0
4,10,2,16,0.125,86.2,25.3,2141,1.7
2,12,0,14,0.0,80.2,22.3,1827,29.9
6,1,0,7,0.0,95.6,17.0,1507,0.0
1,7,0,8,0.0,88.7,22.2,1502,14.1
5,2,0,7,0.0,87.1,22.3,1465,16.3
1,1,1,3,0.3333,86.1,22.6,987,0.0
3,3,0,6,0.0,77.7,24.2,1253,25.6
2,11,0,13,0.0,91.5,19.5,1878,22.2
7,0,0,7,0.0,89.3,23.0,1082,8.2
2,7,2,11,0.1818,76.7,24.7,1656,0.0
2,11,0,13,0.0,89.4,23.7,1788,17.5
1,6,1,8,0.125,81.8,26.4,1735,0.2
2,6,0,8,0.0,98.0,18.9,1363,0.5
0,2,1,3,0.3333,94.7,20.2,1089,2.5
1,9,0,10,0.0,87.4,18.9,1965,19.4
5,0,0,5,0.0,74.1,26.5,1174,23.2
3,5,1,9,0.1111,79.3,20.3,1820,1.8
2,4,1,7,0.1429,83.9,21.0,1465,3.3
1,6,1,8,0.125,78.7,26.1,1450,0.0
2,11,2,15,0.1333,77.4,22.0,1979,0.0
2,12,1,15,0.0667,95.5,19.3,2259,0.7
5,9,0,14,0.0,90.7,24.0,1667,15.9
0,10,0,10,0.0,88.6,20.4,1813,17.0
4,0,0,4,0.0,91.8,17.1,1380,7.4
4,0,0,4,0.0,94.0,20.2,939,1.3
3,0,0,3,0.0,93.2,20.2,888,0.0
4,13,2,19,0.1053,93.5,21.2,2220,0.0
3,10,1,14,0.0714,86.7,21.3,1909,1.9
3,8,0,11,0.0,81.6,23.7,1538,24.6
1,4,3,8,0.375,81.5,25.8,1343,0.0
9,0,0,9,0.0,89.9,21.7,1110,7.4
1,10,1,12,0.0833,94.0,21.1,1948,0.0
2,9,2,13,0.1538,92.2,22.5,1844,0.9
7,0,0,7,0.0,91.0,24.2,1525,9.4
2,2,0,4,0.0,76.7,24.0,1050,20.0
2,0,0,2,0.0,92.0,20.8,1408,0.0
3,0,0,3,0.0,89.1,23.6,1301,6.5
0,4,1,5,0.2,76.3,24.6,1144,3.4
0,2,0,2,0.0,90.8,21.4,1128,4.9
3,9,2,14,0.1429,80.6,20.5,1974,1.1
1,3,5,9,0.5556,92.1,22.4,1646,0.0
0,2,4,6,0.6667,91.5,21.4,1696,0.4
6,3,0,9,0.0,91.5,23.1,1261,13.3
0,2,1,3,0.3333,92.3,20.9,1274,0.0
0,5,2,7,0.2857,76.8,19.9,1223,0.0
0,2,3,5,0.6,81.6,23.8,1298,0.0
0,3,3,6,0.5,91.0,22.4,1440,0.0
3,6,0,9,0.0,98.0,19.4,1474,0.0
6,0,0,6,0.0,82.0,26.3,1121,17.8
5,0,0,5,0.0,98.0,18.5,1229,0.9
4,4,0,8,0.0,87.8,22.8,1490,15.1
0,4,1,5,0.2,79.6,26.6,1283,0.4
0,2,1,3,0.3333,98.0,18.7,974,1.2
7,4,0,11,0.0,88.3,20.4,1403,11.0
3,4,1,8,0.125,83.4,20.4,1607,0.0
1,8,0,9,0.0,95.0,21.7,1489,1.8
5,2,0,7,0.0,92.3,25.1,1213,0.2
8,0,0,8,0.0,85.4,19.0,1512,11.9
3,8,1,12,0.0833,84.8,23.5,1703,0.0
3,3,1,7,0.1429,85.7,24.2,1292,0.0
0,4,0,4,0.0,92.4,19.9,1212,0.9
2,4,1,7,0.1429,92.5,18.8,1510,0.9
2,10,0,12,0.0,78.8,24.9,1702,27.3
4,8,1,13,0.0769,88.7,23.6,1667,0.0
1,4,2,7,0.2857,89.3,21.2,1402,0.0
0,0,2,2,1.0,88.5,22.2,1085,0.0
5,1,0,6,0.0,78.7,21.3,1080,16.0
0,4,2,6,0.3333,89.8,17.3,1472,0.0
1,15,0,16,0.0,89.1,21.1,2052,0.0
3,1,0,4,0.0,95.7,23.7,1075,2.0
10,0,0,10,0.0,79.4,22.1,1177,19.0
1,10,0,11,0.0,90.4,18.2,2071,0.0
4,8,2,14,0.1429,85.9,23.4,1947,0.0
6,2,0,8,0.0,78.6,24.7,1102,19.8
7,2,0,9,0.0,86.5,18.9,1200,12.5
0,5,2,7,0.2857,92.4,18.0,1744,3.9
6,1,0,7,0.0,80.1,24.7,1256,21.2
5,1,0,6,0.0,91.0,23.6,1374,13.8
1,7,0,8,0.0,90.9,21.4,1469,12.0
2,0,1,3,0.3333,81.1,19.2,1201,0.0
6,2,0,8,0.0,86.0,17.3,1451,15.9
2,6,0,8,0.0,85.3,24.1,1619,18.2
1,9,0,10,0.0,86.9,23.0,1823,23.5
5,1,0,6,0.0,86.7,22.6,1110,13.1
2,8,0,10,0.0,94.1,24.2,1726,0.0
4,11,1,16,0.0625,93.5,21.6,2162,0.2
0,11,0,11,0.0,79.7,20.0,1860,26.1
1,9,0,10,0.0,83.9,25.6,1670,24.2
1,9,0,10,0.0,82.8,22.8,1529,25.7
6,2,0,8,0.0,97.6,19.4,1337,1.7
0,6,2,8,0.25,78.1,22.6,1807,0.0
1,5,1,7,0.1429,98.0,22.4,1447,0.0
8,2,0,10,0.0,89.3,19.5,1324,11.9
7,1,0,8,0.0,95.9,20.9,1214,0.2
1,8,1,10,0.1,86.1,19.8,1608,1.6
1,8,2,11,0.1818,87.6,19.7,1612,0.9
4,2,0,6,0.0,77.9,21.9,1552,23.1
0,14,0,14,0.0,95.5,21.6,2050,0.0
4,3,0,7,0.0,88.8,24.3,1335,12.1
1,8,0,9,0.0,87.2,21.5,1853,21.5
7,2,0,9,0.0,98.0,19.8,1690,2.1
1,13,0,14,0.0,97.5,17.3,1952,0.0
1,7,0,8,0.0,84.8,21.0,1465,17.4
0,6,1,7,0.1429,87.8,17.6,1363,0.1
3,0,0,3,0.0,81.3,23.5,895,12.4
5,5,3,13,0.2308,95.9,20.6,1902,1.1
2,1,0,3,0.0,98.0,20.5,1186,2.3
1,4,1,6,0.1667,81.0,18.6,1600,1.0
1,2,1,4,0.25,88.6,22.7,1045,2.5
4,0,0,4,0.0,86.7,26.0,806,13.1
3,9,1,13,0.0769,70.7,25.0,1660,0.0
0,6,0,6,0.0,84.2,24.1,1248,17.1
1,8,1,10,0.1,78.9,21.1,1884,0.0
1,8,0,9,0.0,85.6,21.2,1387,16.5
3,1,0,4,0.0,88.4,23.3,1368,9.7
8,0,0,8,0.0,98.0,19.1,1246,0.0
0,4,2,6,0.3333,98.0,22.8,1647,2.8
1,4,1,6,0.1667,73.5,27.0,1198,0.0
1,7,0,8,0.0,98.0,19.3,1700,0.0
3,6,4,13,0.3077,69.7,27.0,1840,0.4
3,3,3,9,0.3333,81.9,25.2,1618,1.3
3,7,0,10,0.0,78.0,25.5,1468,23.4
0,1,1,2,0.5,93.4,23.2,998,2.2
0,3,3,6,0.5,95.4,19.8,1326,1.3
1,7,2,10,0.2,90.9,24.1,1676,0.8
2,12,1,15,0.0667,80.9,22.5,2028,4.6
4,0,0,4,0.0,97.0,22.7,1095,0.0
8,0,0,8,0.0,86.2,24.6,1274,14.4
0,5,6,11,0.5455,91.1,16.0,1667,0.0
2,11,0,13,0.0,93.1,21.9,1937,3.1
5,0,0,5,0.0,97.0,26.2,1455,0.0
5,0,0,5,0.0,87.9,17.1,1391,15.5
2,8,0,10,0.0,98.0,20.5,1869,0.9
6,1,0,7,0.0,90.9,17.8,1646,10.1
6,0,0,6,0.0,98.0,19.6,1220,0.5
1,9,0,10,0.0,90.4,18.1,1515,13.0
1,4,1,6,0.1667,92.8,21.7,1528,0.9
4,13,3,20,0.15,86.6,27.2,2405,0.6
6,1,0,7,0.0,69.6,24.4,1132,33.2
3,5,1,9,0.1111,98.0,19.6,1457,1.0
6,2,0,8,0.0,84.3,19.9,1283,14.7
3,8,0,11,0.0,80.5,21.9,1828,24.9
0,9,0,9,0.0,86.0,19.7,1463,18.8
3,9,1,13,0.0769,98.0,18.3,1767,0.0
1,5,1,7,0.1429,83.6,21.5,1385,0.6
3,9,0,12,0.0,91.5,18.9,2095,0.0
6,8,3,17,0.1765,81.1,22.2,2309,0.0
9,0,0,9,0.0,81.0,23.6,1130,17.0
5,6,0,11,0.0,75.2,26.0,1915,32.8
6,0,0,6,0.0,90.5,21.2,1236,6.1
3,0,0,3,0.0,90.2,23.3,984,5.7
1,2,1,4,0.25,83.1,19.6,1480,0.0
3,13,0,16,0.0,90.4,18.5,2159,0.0
0,2,0,2,0.0,92.8,23.4,963,0.2
2,5,3,10,0.3,91.8,20.3,2054,0.6
1,4,1,6,0.1667,87.0,25.1,1301,0.0
1,8,0,9,0.0,79.2,26.6,1431,24.4
2,3,0,5,0.0,95.3,21.5,1060,0.7
1,6,0,7,0.0,84.1,24.3,1353,17.7
6,0,0,6,0.0,79.1,21.8,1433,18.2
0,9,0,9,0.0,89.3,22.0,1428,15.6
4,0,0,4,0.0,93.8,20.7,957,0.0
8,1,0,9,0.0,88.2,21.6,1468,9.4
3,11,0,14,0.0,91.9,19.9,2249,0.0
7,0,0,7,0.0,96.6,21.8,1474,0.0
2,4,2,8,0.25,82.9,23.9,1518,1.6
0,2,2,4,0.5,81.7,22.7,1239,0.0
0,2,3,5,0.6,88.7,21.8,1619,0.7
2,6,3,11,0.2727,84.7,25.1,2025,0.0
3,2,0,5,0.0,98.0,21.4,1057,1.4
1,4,0,5,0.0,90.6,19.6,1245,8.1
2,5,0,7,0.0,82.6,22.7,1236,20.8
0,6,2,8,0.25,92.1,23.0,1778,0.0
0,3,3,6,0.5,93.5,23.2,1787,2.1
0,1,0,1,0.0,83.1,24.2,835,16.1
4,3,0,7,0.0,94.3,21.3,1456,0.1
0,11,2,13,0.1538,95.3,21.2,2230,0.0
0,5,1,6,0.1667,88.4,18.6,1578,0.5
1,8,0,9,0.0,83.1,24.0,1525,25.2
11,2,0,13,0.0,84.0,21.0,1393,19.4
1,3,0,4,0.0,93.7,18.8,1454,1.4
0,1,3,4,0.75,87.8,21.4,1351,0.0
2,6,0,8,0.0,86.4,21.4,1511,15.3
4,5,2,11,0.1818,88.7,22.4,2070,1.2
9,0,0,9,0.0,75.7,22.1,1589,27.8
1,5,0,6,0.0,89.0,22.3,1291,12.3
0,7,0,7,0.0,98.0,19.7,1320,0.3
5,2,0,7,0.0,94.0,21.3,1668,0.0
1,8,2,11,0.1818,66.1,21.2,2069,0.0
0,3,0,3,0.0,89.4,22.4,1133,7.8
2,3,2,7,0.2857,93.4,19.8,1560,2.2
3,6,0,9,0.0,81.2,21.7,1479,22.8
1,9,0,10,0.0,87.2,20.2,1782,18.7
2,9,2,13,0.1538,95.3,21.9,1719,0.0
6,0,0,6,0.0,79.6,25.5,1040,19.8
0,1,2,3,0.6667,98.0,19.8,1068,0.0
0,5,1,6,0.1667,85.7,19.3,1432,3.7
0,5,1,6,0.1667,96.4,22.0,1548,0.6
0,3,3,6,0.5,91.0,18.5,1291,0.0
5,9,2,16,0.125,81.7,23.3,1932,1.7
0,5,2,7,0.2857,97.3,20.9,1795,0.7
2,7,2,11,0.1818,81.9,20.6,1947,0.0
1,7,2,10,0.2,85.6,23.1,1621,0.0
1,5,0,6,0.0,90.9,22.0,1705,12.6
1,7,0,8,0.0,89.6,20.5,1893,15.2
0,4,3,7,0.4286,88.7,23.2,1821,0.0
1,5,0,6,0.0,87.5,19.8,1374,15.6
2,6,1,9,0.1111,80.4,22.5,1727,0.0
2,2,0,4,0.0,80.4,21.5,1030,15.6
5,8,0,13,0.0,95.5,22.5,1678,1.0
8,0,0,8,0.0,81.2,20.5,1062,20.3
0,9,2,11,0.1818,94.3,21.9,1628,0.7
4,6,1,11,0.0909,90.1,21.7,1640,0.0
9,0,0,9,0.0,85.3,20.9,1485,14.9
1,7,0,8,0.0,79.1,18.1,1326,19.7
3,3,0,6,0.0,81.1,16.5,1374,19.9
4,0,0,4,0.0,86.9,20.7,1146,10.4
0,3,0,3,0.0,83.1,24.6,995,15.4
3,6,3,12,0.25,91.8,22.6,1716,0.0
8,2,0,10,0.0,92.2,22.6,1166,4.6
2,8,0,10,0.0,83.7,26.8,1535,25.7
2,9,0,11,0.0,86.8,22.6,1590,20.9
3,0,0,3,0.0,93.7,23.9,1167,0.5
1,12,0,13,0.0,88.9,22.0,1699,18.9
9,0,0,9,0.0,97.3,22.3,1181,0.4
6,1,0,7,0.0,83.5,22.6,1392,21.1
3,7,0,10,0.0,83.0,19.6,1637,25.1
0,15,0,15,0.0,81.4,18.7,1959,29.6
1,9,0,10,0.0,89.2,19.7,1768,13.6
1,7,0,8,0.0,80.0,22.8,1747,23.5
2,3,1,6,0.1667,85.8,21.2,1214,2.3
2,11,0,13,0.0,95.4,20.5,2021,0.0
1,7,0,8,0.0,80.1,18.9,1508,22.2
0,8,0,8,0.0,89.7,21.0,1390,14.5
6,1,0,7,0.0,81.9,23.8,1201,22.7
1,9,2,12,0.1667,88.3,22.3,1897,1.9
5,2,0,7,0.0,97.6,20.4,1206,0.0
8,3,0,11,0.0,84.5,20.2,1422,18.4
0,5,0,5,0.0,86.9,26.5,1320,14.5
1,4,2,7,0.2857,71.9,24.9,1472,2.1
3,4,0,7,0.0,94.6,22.9,1313,1.7
1,5,0,6,0.0,97.7,25.1,1242,0.0
8,0,0,8,0.0,60.0,22.7,1107,31.8
5,0,0,5,0.0,88.5,21.1,1498,7.6
4,1,0,5,0.0,79.5,25.2,1169,17.9
1,13,0,14,0.0,85.3,22.1,1883,27.4
2,14,1,17,0.0588,98.0,21.4,2226,1.1
3,8,0,11,0.0,87.9,22.0,1671,20.3
6,2,0,8,0.0,79.4,27.6,1211,23.2
0,5,2,7,0.2857,89.3,21.0,1398,3.4
3,10,0,13,0.0,94.0,22.9,2031,1.1
2,9,2,13,0.1538,90.5,23.1,1770,0.0
5,5,0,10,0.0,83.3,21.5,1505,22.3
2,9,0,11,0.0,90.3,17.4,1602,11.0
6,1,0,7,0.0,71.4,24.8,1120,25.1
0,14,0,14,0.0,90.6,23.1,2211,0.0
2,10,0,12,0.0,87.3,25.1,1682,20.7
8,2,0,10,0.0,84.2,21.6,1586,17.1
5,2,0,7,0.0,86.4,20.6,1163,12.7
7,1,0,8,0.0,75.9,22.2,1201,27.3
6,1,0,7,0.0,98.0,20.1,1195,2.1
2,2,1,5,0.2,91.1,17.4,1401,0.5
0,5,0,5,0.0,89.9,18.5,1596,10.9
1,8,3,12,0.25,93.5,19.8,1853,0.0
7,1,0,8,0.0,82.8,25.8,1230,23.9
1,11,2,14,0.1429,93.1,19.8,2119,0.0
4,4,0,8,0.0,91.2,22.5,1162,11.2
1,1,0,2,0.0,89.9,21.1,1038,4.8
0,14,2,16,0.125,89.1,22.0,2316,0.7
4,7,2,13,0.1538,92.8,19.4,2195,0.0
2,15,2,19,0.1053,82.1,27.1,2284,1.7
2,10,0,12,0.0,83.8,18.1,2037,0.0
6,0,0,6,0.0,85.6,20.6,895,9.8
3,11,2,16,0.125,87.7,20.9,2285,0.0
2,9,1,12,0.0833,90.5,22.2,1631,0.2
2,9,3,14,0.2143,90.1,27.7,2020,0.4
2,4,2,8,0.25,77.0,26.3,1354,0.0
2,5,0,7,0.0,83.9,27.1,1237,23.1
5,0,0,5,0.0,86.8,19.3,1256,13.6
5,0,0,5,0.0,95.5,22.9,961,0.0
5,8,0,13,0.0,93.0,25.7,1687,1.9
4,1,0,5,0.0,82.1,16.3,1232,17.2
1,5,2,8,0.25,91.2,21.6,1411,0.2
1,2,2,5,0.4,67.6,23.3,1103,1.1
2,9,0,11,0.0,74.6,23.4,1561,35.7
1,4,0,5,0.0,81.0,18.6,1255,18.2
2,9,3,14,0.2143,89.3,25.1,1962,0.0
1,9,0,10,0.0,91.6,20.7,1600,16.9
0,9,0,9,0.0,97.1,22.3,1631,0.0
1,3,0,4,0.0,94.7,18.2,1366,0.4
2,4,2,8,0.25,86.6,22.9,1540,0.7
0,4,0,4,0.0,90.6,19.5,1135,6.1
1,4,1,6,0.1667,86.7,22.7,1447,0.0
2,0,0,2,0.0,86.9,24.7,908,6.5
5,1,0,6,0.0,89.9,19.7,1435,9.5
7,1,0,8,0.0,93.4,23.1,1069,0.0
4,1,0,5,0.0,78.3,21.5,1052,17.3
5,2,0,7,0.0,81.0,21.9,1296,20.1
2,9,2,13,0.1538,98.0,22.5,1681,0.0
6,3,0,9,0.0,84.2,21.7,1488,17.4
1,12,0,13,0.0,80.3,21.2,1726,28.4
0,3,0,3,0.0,84.1,25.1,990,12.6
6,0,0,6,0.0,86.9,23.4,1084,10.6
0,2,0,2,0.0,85.2,22.4,1388,13.1
7,1,0,8,0.0,98.0,20.0,1461,2.3
5,1,0,6,0.0,97.2,20.5,1495,0.7
0,12,0,12,0.0,85.7,23.4,1928,24.4
2,9,1,12,0.0833,92.7,21.6,2107,0.0
0,3,1,4,0.25,75.8,20.5,1222,0.0
7,8,0,15,0.0,96.6,19.5,2052,0.0
0,1,0,1,0.0,83.7,22.5,821,16.5
5,0,0,5,0.0,82.8,20.3,1083,19.2
3,0,0,3,0.0,76.3,23.3,1333,21.6
1,6,0,7,0.0,79.1,19.1,1416,20.0
1,3,1,5,0.2,95.7,25.0,1316,0.0
1,4,1,6,0.1667,86.2,23.0,1309,0.0
1,10,0,11,0.0,78.3,22.4,1637,26.4
1,11,1,13,0.0769,87.5,24.0,1714,0.7
1,8,1,10,0.1,88.4,20.1,1510,0.8
5,13,0,18,0.0,83.8,24.5,2107,0.0
0,0,1,1,1.0,86.7,20.0,1230,4.2
0,4,1,5,0.2,78.6,26.6,1366,0.1
1,6,1,8,0.125,84.9,22.3,1264,0.2
0,11,1,12,0.0833,85.8,19.0,1755,0.0
2,6,0,8,0.0,93.2,19.6,1723,0.0
5,0,0,5,0.0,86.8,25.1,1120,12.4
1,2,1,4,0.25,83.9,24.1,1088,0.0
3,8,0,11,0.0,79.4,21.4,1566,25.1
0,4,1,5,0.2,98.0,19.9,1243,0.0
2,12,2,16,0.125,86.9,23.6,2162,0.0
1,3,2,6,0.3333,84.0,25.7,1279,1.4
1,11,0,12,0.0,70.4,27.3,1695,34.4
4,1,0,5,0.0,96.8,22.6,1109,1.3
0,1,1,2,0.5,98.0,19.8,1355,0.0
6,0,0,6,0.0,77.7,22.1,1319,22.7
2,5,0,7,0.0,87.5,21.9,1299,15.6
0,2,1,3,0.3333,89.0,19.4,1357,1.9
0,2,1,3,0.3333,98.0,22.4,1047,1.8
2,11,0,13,0.0,97.5,20.9,1862,0.6
4,11,1,16,0.0625,78.8,22.6,2305,0.4
0,9,0,9,0.0,84.0,21.5,1875,25.4
12,1,0,13,0.0,85.1,19.0,1415,13.7
4,9,0,13,0.0,92.3,19.9,1997,0.4
3,9,1,13,0.0769,98.0,21.8,1867,0.0
6,5,1,12,0.0833,89.1,21.5,1881,2.3
1,6,1,8,0.125,90.8,22.2,1828,0.0
3,11,1,15,0.0667,83.9,22.1,2448,0.4
3,0,0,3,0.0,89.7,23.6,1153,4.6
2,9,0,11,0.0,86.5,20.3,1624,20.7
11,3,0,14,0.0,75.4,22.8,1657,31.4
0,5,0,5,0.0,92.9,19.2,1473,0.3
4,8,1,13,0.0769,82.8,25.2,1791,4.3
0,3,1,4,0.25,75.5,24.0,1128,0.6
3,12,0,15,0.0,94.0,20.6,1832,3.4
4,1,0,5,0.0,77.0,24.8,1212,21.5
5,1,0,6,0.0,92.3,21.2,1230,0.8
3,5,0,8,0.0,89.7,21.7,1450,12.7
2,6,0,8,0.0,92.0,24.3,1361,0.0
5,0,0,5,0.0,89.7,18.1,1394,8.5
5,1,0,6,0.0,79.3,25.3,1181,17.8
2,5,3,10,0.3,84.6,24.9,1649,0.0
10,0,0,10,0.0,93.7,20.4,1310,0.0
0,1,2,3,0.6667,88.7,22.0,1166,0.0
4,7,0,11,0.0,91.9,22.3,1731,14.9
5,0,0,5,0.0,83.0,22.5,1171,13.6
4,1,0,5,0.0,85.9,21.8,1321,12.3
0,5,2,7,0.2857,86.6,27.3,1357,0.7
0,11,3,14,0.2143,84.9,19.9,1941,0.8
1,9,2,12,0.1667,88.4,21.8,1655,0.0
0,4,3,7,0.4286,89.8,21.6,1494,0.0
1,2,1,4,0.25,82.6,26.7,1059,1.4
1,2,2,5,0.4,84.4,20.7,1239,0.0
3,10,2,15,0.1333,98.0,19.0,2196,1.6
2,6,0,8,0.0,96.5,23.8,1165,1.9
7,1,0,8,0.0,96.2,19.2,1587,2.0
4,7,0,11,0.0,96.0,25.6,1722,0.0
6,8,2,16,0.125,85.9,21.0,2015,1.4
6,8,2,16,0.125,87.2,20.2,1983,0.4
0,4,1,5,0.2,88.8,23.7,1200,0.0
8,0,0,8,0.0,84.9,20.6,972,12.3
3,9,1,13,0.0769,83.5,20.1,1788,0.0
6,2,0,8,0.0,86.9,19.4,1277,11.2
1,7,0,8,0.0,93.3,17.5,1618,0.0
5,1,0,6,0.0,95.2,23.2,1059,0.0
5,1,0,6,0.0,98.0,20.2,1087,1.4
7,2,0,9,0.0,77.0,22.6,1328,28.9
6,4,1,11,0.0909,86.6,25.5,1398,0.1
1,10,0,11,0.0,98.0,21.0,1495,0.0
1,10,0,11,0.0,86.9,21.4,1897,19.9
0,6,3,9,0.3333,98.0,18.3,1863,0.0
2,11,0,13,0.0,95.0,19.8,1881,2.6
11,1,0,12,0.0,80.9,21.4,1345,20.2
1,4,1,6,0.1667,98.0,22.4,1266,0.0
3,1,0,4,0.0,88.8,24.5,1120,8.0
1,6,1,8,0.125,98.0,19.2,1727,1.5
6,1,0,7,0.0,92.5,23.3,1403,0.0
1,2,0,3,0.0,76.1,24.1,916,24.1
5,0,0,5,0.0,92.7,17.5,902,0.0
2,2,1,5,0.2,98.0,19.7,1162,0.0
2,9,0,11,0.0,80.9,21.6,1692,22.3
0,2,1,3,0.3333,87.4,23.6,1331,1.0
3,0,0,3,0.0,91.9,24.5,1010,4.3
1,9,0,10,0.0,88.3,24.3,1439,13.4
1,6,0,7,0.0,88.3,18.6,1332,11.5
3,7,1,11,0.0909,97.4,21.9,2026,0.0
2,7,1,10,0.1,97.8,19.6,1647,0.0
5,5,2,12,0.1667,89.8,21.5,1691,1.5
2,11,2,15,0.1333,86.3,19.1,2223,0.7
2,7,0,9,0.0,85.0,17.0,1597,18.8
2,10,2,14,0.1429,89.1,23.5,1787,0.2
2,4,1,7,0.1429,98.0,21.5,1289,0.0
5,2,0,7,0.0,88.0,20.9,1531,13.6
10,1,0,11,0.0,82.3,22.7,1649,23.8
0,2,0,2,0.0,94.1,25.8,966,1.8
0,2,2,4,0.5,92.4,23.4,1202,1.1
1,5,0,6,0.0,91.5,21.5,1518,11.4
0,12,0,12,0.0,85.1,21.7,1829,24.2
12,1,0,13,0.0,87.1,20.3,1860,22.1
8,2,0,10,0.0,85.2,21.5,1346,15.8
0,15,0,15,0.0,83.9,24.9,1941,32.4
1,8,0,9,0.0,88.2,19.1,1551,14.6
0,10,0,10,0.0,93.9,22.0,1615,0.0
9,0,0,9,0.0,84.4,21.9,1468,16.0
0,1,2,3,0.6667,92.6,23.0,1096,0.0
1,2,2,5,0.4,92.2,22.0,1570,0.2
1,5,0,6,0.0,96.6,19.3,1171,0.0
3,4,0,7,0.0,92.3,23.5,1187,0.0
0,5,0,5,0.0,84.0,23.4,1228,19.5
0,3,1,4,0.25,93.0,21.0,1364,0.0
1,4,2,7,0.2857,89.7,21.6,1268,0.8
7,2,0,9,0.0,88.3,21.6,1362,10.9
1,5,1,7,0.1429,68.5,25.6,1463,0.0
0,7,4,11,0.3636,79.6,19.7,1900,0.1
2,5,1,8,0.125,77.0,24.7,1357,0.0
2,6,0,8,0.0,92.0,23.4,1383,1.1
1,7,1,9,0.1111,86.1,22.0,1715,0.1
2,8,0,10,0.0,91.9,21.8,1517,15.4
0,1,1,2,0.5,93.0,19.2,958,0.0
3,3,0,6,0.0,86.2,26.0,1214,18.4
4,1,0,5,0.0,94.7,18.2,1011,0.7
5,2,0,7,0.0,81.3,26.1,1210,23.3
1,7,0,8,0.0,90.4,19.8,1398,11.9
1,4,0,5,0.0,91.9,18.2,1276,9.4
0,4,1,5,0.2,97.2,20.9,1228,0.0
9,2,0,11,0.0,75.0,23.2,1601,28.2
2,9,0,11,0.0,86.0,19.5,1514,18.2
0,6,0,6,0.0,91.2,24.5,1517,10.7
1,3,1,5,0.2,88.9,26.1,1203,0.0
0,3,2,5,0.4,91.3,21.0,1447,0.0
1,0,2,3,0.6667,88.0,20.6,1332,0.0
1,7,1,9,0.1111,94.0,23.8,1545,1.7
4,12,0,16,0.0,90.9,22.9,1826,25.0
5,0,0,5,0.0,89.5,23.7,965,6.5
5,1,0,6,0.0,98.0,19.5,1072,1.4
1,2,2,5,0.4,93.1,19.2,1455,0.0
1,4,1,6,0.1667,94.7,20.6,1551,0.0
0,2,3,5,0.6,92.8,23.9,1313,1.2
0,3,2,5,0.4,88.1,19.0,1223,2.1
2,8,1,11,0.0909,97.8,23.0,2061,0.0
2,7,0,9,0.0,76.0,22.1,1428,30.8
0,4,1,5,0.2,79.3,18.1,1150,0.0
1,2,2,5,0.4,79.3,23.1,1295,0.0
4,2,0,6,0.0,78.5,25.7,975,20.3
2,6,2,10,0.2,94.2,26.1,1601,1.7
2,0,0,2,0.0,86.6,18.5,1046,8.3
0,6,2,8,0.25,88.5,16.6,1717,0.0
3,9,0,12,0.0,89.5,18.6,1681,16.6
3,3,0,6,0.0,90.7,26.7,1182,11.1
3,5,0,8,0.0,86.8,17.4,1638,14.9
1,4,0,5,0.0,76.6,23.7,1175,21.5
1,8,0,9,0.0,93.5,23.5,1739,0.0
2,2,0,4,0.0,84.6,20.9,1029,10.8
0,9,1,10,0.1,80.9,23.6,1626,0.0
1,5,3,9,0.3333,85.1,20.8,1804,2.3
10,8,2,20,0.1,92.1,22.4,2298,1.3
3,9,1,13,0.0769,72.3,25.7,1664,0.0
0,2,1,3,0.3333,69.1,24.6,1341,0.0
1,8,1,10,0.1,88.7,24.0,1639,0.0
2,5,2,9,0.2222,95.8,19.8,1577,0.0
0,1,2,3,0.6667,90.5,21.1,1051,0.0
2,7,2,11,0.1818,98.0,17.7,1680,1.3
5,1,0,6,0.0,74.8,25.1,1152,24.8
8,0,0,8,0.0,82.6,23.9,1253,23.0
0,3,0,3,0.0,91.9,20.9,1462,5.8
5,13,2,20,0.1,88.8,20.1,2264,0.0
6,12,3,21,0.1429,89.1,18.3,2500,0.0
3,2,0,5,0.0,86.6,22.1,1361,13.1
8,1,0,9,0.0,98.0,16.2,1293,0.0
6,1,0,7,0.0,88.6,19.3,1666,8.5
4,10,2,16,0.125,91.1,22.7,2150,0.4
3,7,2,12,0.1667,92.6,18.9,2095,0.0
0,9,4,13,0.3077,82.4,21.7,2095,0.0
4,13,1,18,0.0556,91.5,19.9,2436,0.0
0,3,1,4,0.25,80.0,20.4,1336,0.0
3,13,0,16,0.0,93.6,21.4,1893,0.0
1,10,1,12,0.0833,88.9,22.4,1786,0.4
3,9,2,14,0.1429,87.1,25.4,1942,1.8
0,10,0,10,0.0,86.5,22.1,1705,19.8
2,11,4,17,0.2353,83.9,23.1,2254,0.0
0,2,3,5,0.6,90.2,21.4,1368,0.0
1,3,1,5,0.2,88.0,18.4,1470,0.0
6,1,0,7,0.0,74.1,24.9,1322,27.0
0,2,2,4,0.5,87.0,19.2,1026,0.0
3,5,2,10,0.2,90.6,20.9,1639,2.4
5,0,0,5,0.0,93.7,22.9,1036,0.0
5,4,2,11,0.1818,98.0,18.2,1614,0.0
0,2,0,2,0.0,87.9,26.0,1024,13.3
1,14,2,17,0.1176,96.0,19.7,2268,0.4
1,7,2,10,0.2,95.2,20.2,1956,1.3
2,6,0,8,0.0,75.8,21.9,1325,27.2
9,1,0,10,0.0,82.9,20.8,1547,21.8
4,1,0,5,0.0,90.3,23.6,995,9.2
6,1,0,7,0.0,98.0,17.8,1192,0.0
8,2,0,10,0.0,94.1,23.5,1443,0.0
1,1,0,2,0.0,89.3,22.8,966,3.5
8,1,0,9,0.0,85.8,23.1,1248,17.3
3,9,0,12,0.0,95.1,18.8,1562,0.0
5,0,0,5,0.0,87.8,17.8,982,11.0
0,8,0,8,0.0,80.5,22.9,1402,23.9
1,3,1,5,0.2,84.2,19.8,1300,0.0
5,5,0,10,0.0,98.0,17.6,1743,1.5
4,13,1,18,0.0556,88.3,21.2,2209,0.0
5,0,0,5,0.0,87.4,22.5,1058,13.1
4,0,0,4,0.0,87.0,26.8,1010,11.5
3,2,0,5,0.0,75.8,24.7,1170,25.1
4,2,0,6,0.0,87.6,24.3,1224,16.2
6,0,0,6,0.0,92.4,21.9,1150,0.0
7,1,0,8,0.0,84.4,21.8,1633,14.5
7,0,0,7,0.0,87.4,20.8,1480,9.1
4,1,0,5,0.0,78.7,26.6,1458,20.0
1,9,4,14,0.2857,98.0,19.2,2437,0.0
3,1,0,4,0.0,82.7,23.4,992,16.5
2,6,0,8,0.0,81.6,22.1,1807,27.1
1,5,1,7,0.1429,92.1,22.4,1414,4.8
4,6,0,10,0.0,93.3,21.2,1448,1.2
4,0,0,4,0.0,65.8,26.8,1136,31.0
1,9,1,11,0.0909,97.0,20.7,2119,0.0
4,9,2,15,0.1333,83.3,20.4,2192,0.0
7,1,0,8,0.0,98.0,22.5,1247,0.0
0,1,2,3,0.6667,98.0,18.5,1036,0.0
0,3,0,3,0.0,86.5,18.8,1074,11.5
9,0,0,9,0.0,87.0,24.2,1165,9.8
5,1,0,6,0.0,91.3,22.1,1141,8.6
0,3,0,3,0.0,87.7,20.6,1035,10.7
2,7,4,13,0.3077,93.5,24.0,1936,2.3
5,1,0,6,0.0,86.6,20.9,1344,11.5
10,0,0,10,0.0,88.6,20.6,1541,10.6
5,11,0,16,0.0,97.0,23.8,1944,0.8
1,8,2,11,0.1818,93.1,20.2,1629,0.0
4,10,0,14,0.0,81.6,23.1,1816,29.8
0,7,0,7,0.0,83.6,26.3,1335,23.3
2,11,2,15,0.1333,88.9,25.7,2128,0.0
2,8,0,10,0.0,84.8,19.2,1842,22.3
7,0,0,7,0.0,74.8,22.0,1238,27.5
5,0,0,5,0.0,76.2,22.3,1303,25.5
2,9,0,11,0.0,88.9,18.7,1815,16.8
0,1,2,3,0.6667,84.6,19.3,1027,0.6
3,9,0,12,0.0,95.1,20.4,1716,0.8
0,8,1,9,0.1111,93.1,21.8,1516,2.7
6,1,0,7,0.0,85.4,22.1,1309,11.6
1,3,1,5,0.2,79.7,24.5,1147,0.0
1,4,0,5,0.0,86.8,21.9,1161,11.3
12,2,0,14,0.0,91.1,21.7,1610,14.5
6,1,0,7,0.0,93.1,22.9,1407,0.0
5,7,0,12,0.0,92.1,17.7,1762,0.3
6,2,0,8,0.0,98.0,22.5,1303,0.0
1,8,0,9,0.0,95.5,19.8,1609,0.0
10,2,0,12,0.0,98.0,20.2,1528,0.0
6,4,0,10,0.0,81.8,26.4,1330,25.6
7,0,0,7,0.0,86.8,19.5,1289,13.2
1,4,2,7,0.2857,96.0,22.7,1492,0.0
4,9,1,14,0.0714,83.5,24.8,1782,0.4
3,7,0,10,0.0,94.3,23.7,1369,2.4
2,14,0,16,0.0,77.2,23.8,2038,0.9
5,9,0,14,0.0,84.3,20.5,1852,24.7
3,0,0,3,0.0,98.0,18.2,883,0.4
3,8,3,14,0.2143,82.3,24.6,1944,0.9
2,5,0,7,0.0,83.4,25.6,1301,22.1
1,8,4,13,0.3077,85.8,26.0,1846,0.0
3,6,1,10,0.1,90.7,23.6,1470,0.0
8,0,0,8,0.0,78.5,19.6,1250,18.7
5,0,0,5,0.0,92.5,20.8,1117,0.0
0,10,3,13,0.2308,82.1,22.3,1938,0.0
3,8,0,11,0.0,92.9,23.0,1356,0.0
1,5,0,6,0.0,83.4,25.2,1405,21.3
2,5,0,7,0.0,84.2,21.0,1807,16.3
0,1,1,2,0.5,87.5,23.5,1050,1.5
0,15,2,17,0.1176,85.1,24.3,2137,0.2
5,0,0,5,0.0,82.1,23.3,950,16.2
6,0,0,6,0.0,98.0,21.4,1096,1.3
5,2,0,7,0.0,87.7,20.8,1325,13.7
6,0,0,6,0.0,87.6,23.0,1192,13.3
3,2,0,5,0.0,88.0,19.8,1190,11.0
7,2,0,9,0.0,79.9,23.8,1191,19.5
4,2,0,6,0.0,85.7,25.2,1254,16.0
9,2,0,11,0.0,86.6,20.1,1392,16.4
1,5,2,8,0.25,84.4,20.4,1809,1.5
8,2,0,10,0.0,89.9,20.5,1355,11.2
3,8,0,11,0.0,91.4,21.6,1494,14.7
0,12,0,12,0.0,89.7,20.5,1859,19.2
0,6,2,8,0.25,98.0,22.6,1486,0.6
4,0,0,4,0.0,80.7,19.0,1257,14.9
1,5,0,6,0.0,78.8,21.3,1595,19.9
0,5,1,6,0.1667,82.8,23.1,1266,0.0
0,5,2,7,0.2857,90.3,21.8,1429,0.0
0,4,2,6,0.3333,88.2,24.3,1280,1.9
4,3,0,7,0.0,77.8,28.0,1344,26.1
5,0,0,5,0.0,82.6,21.6,1374,17.8
3,7,1,11,0.0909,94.9,20.3,1673,0.0
0,6,1,7,0.1429,98.0,19.3,1470,0.0
1,8,1,10,0.1,95.9,18.8,1961,0.0
1,7,1,9,0.1111,82.0,24.1,1606,2.4
7,1,0,8,0.0,87.9,23.8,1208,15.8
1,9,2,12,0.1667,95.7,18.6,1906,1.3
2,1,0,3,0.0,90.8,18.2,1428,5.4
0,13,0,13,0.0,96.6,20.7,1726,0.1
2,10,3,15,0.2,88.8,24.8,2118,0.0
1,8,0,9,0.0,98.0,20.5,1917,0.0
7,2,0,9,0.0,84.6,21.4,1480,16.3
8,1,0,9,0.0,90.1,23.8,1271,11.0
1,12,2,15,0.1333,85.7,21.5,2297,1.7
5,0,0,5,0.0,75.8,22.2,1021,21.0
1,11,0,12,0.0,96.9,16.1,1971,1.7
6,2,0,8,0.0,96.8,18.8,1346,0.7
2,2,4,8,0.5,87.2,18.9,1757,3.1
2,7,0,9,0.0,80.4,19.5,1310,23.4
4,2,0,6,0.0,85.3,22.4,1341,14.8
2,8,0,10,0.0,87.0,22.1,1621,21.7
3,0,0,3,0.0,95.6,22.6,1350,0.0
3,0,0,3,0.0,85.7,19.5,913,6.6
0,4,1,5,0.2,98.0,19.6,1211,0.0
2,6,2,10,0.2,87.2,21.2,1448,0.0
0,2,0,2,0.0,87.3,25.9,1069,13.2
2,0,0,2,0.0,82.4,19.3,1183,13.1
2,14,0,16,0.0,81.9,23.4,2031,0.6
3,13,0,16,0.0,86.0,18.3,1967,26.0
2,7,1,10,0.1,84.8,23.5,1810,0.6
4,11,2,17,0.1176,98.0,22.7,2053,0.0
0,10,0,10,0.0,84.6,21.2,1821,19.7
1,6,0,7,0.0,86.4,24.9,1278,16.9
0,4,1,5,0.2,87.9,23.0,1287,1.0
0,2,0,2,0.0,93.7,23.6,1019,0.0
0,5,2,7,0.2857,89.4,19.8,1676,0.0
7,2,0,9,0.0,94.2,20.7,1320,0.0
2,11,3,16,0.1875,90.7,21.5,2404,0.0
0,7,1,8,0.125,85.8,22.8,1561,1.0
7,2,0,9,0.0,91.4,20.6,1811,12.9
11,0,0,11,0.0,95.0,22.4,1479,1.3
4,9,2,15,0.1333,85.8,23.2,2003,0.4
2,4,0,6,0.0,92.0,23.2,1255,10.7
0,6,2,8,0.25,90.2,17.3,1535,0.0
1,1,0,2,0.0,87.2,20.2,812,6.2
1,5,0,6,0.0,90.2,24.5,1297,12.4
5,1,0,6,0.0,86.4,21.4,1218,12.5
10,1,0,11,0.0,88.8,19.6,1541,11.6
6,3,0,9,0.0,89.8,21.4,1511,10.7
0,0,1,1,1.0,68.2,26.2,1027,0.0
3,5,0,8,0.0,92.6,19.4,1493,0.0
5,8,1,14,0.0714,77.9,23.8,2244,1.2
3,11,0,14,0.0,72.2,24.6,1752,34.0
0,3,2,5,0.4,92.4,19.2,1313,0.0
2,7,2,11,0.1818,93.4,23.7,1732,0.8
1,2,0,3,0.0,92.3,21.8,844,0.0
1,8,0,9,0.0,85.3,21.6,1552,13.8
1,9,0,10,0.0,89.3,20.0,1527,17.9
1,5,0,6,0.0,91.9,23.3,1277,13.1
3,2,4,9,0.4444,96.4,20.7,1869,1.8
0,9,0,9,0.0,77.4,23.6,1598,29.2
5,10,0,15,0.0,77.1,22.5,1940,37.3
3,0,0,3,0.0,98.0,20.1,1237,0.0
2,1,3,6,0.5,91.7,20.5,1412,0.7
1,8,0,9,0.0,87.0,21.5,1575,16.9
1,2,2,5,0.4,81.4,19.4,1407,2.1
2,1,2,5,0.4,96.4,21.6,1187,0.4
2,4,0,6,0.0,95.1,19.6,1363,0.0
7,0,0,7,0.0,76.2,25.4,1090,25.3
0,1,0,1,0.0,98.0,17.4,755,0.0
1,3,0,4,0.0,77.4,25.0,1138,22.4
1,5,5,11,0.4545,89.4,24.9,2111,2.4
7,0,0,7,0.0,81.8,26.0,1165,17.3
1,10,3,14,0.2143,70.7,22.3,2036,1.6
4,7,2,13,0.1538,91.1,22.2,1783,0.0
1,3,2,6,0.3333,91.3,21.3,1281,0.0
2,5,1,8,0.125,70.1,26.6,1395,0.8
2,4,0,6,0.0,98.0,17.0,1173,0.0
5,0,0,5,0.0,89.5,23.6,1321,9.5
1,11,0,12,0.0,88.4,24.1,1622,17.0
5,1,0,6,0.0,72.2,22.9,1165,24.3
1,11,0,12,0.0,87.7,19.3,1739,18.9
6,2,0,8,0.0,98.0,18.1,1151,0.4
3,8,0,11,0.0,80.2,19.9,1974,27.9
2,15,4,21,0.1905,89.6,19.8,2500,2.3
0,3,3,6,0.5,90.8,21.5,1648,2.1
1,6,1,8,0.125,76.5,22.1,1746,0.0
0,3,2,5,0.4,81.6,20.1,1264,0.6
6,0,0,6,0.0,87.6,26.6,985,15.4
0,4,0,4,0.0,89.8,20.2,1408,10.0
7,1,0,8,0.0,96.7,19.9,1139,0.0
3,7,5,15,0.3333,82.9,23.3,2080,0.0
0,8,1,9,0.1111,97.4,25.8,1636,0.3
8,0,0,8,0.0,91.8,23.4,1235,12.2
5,2,0,7,0.0,98.0,23.0,1347,0.9
2,8,1,11,0.0909,91.0,21.8,1734,0.0
4,5,0,9,0.0,86.9,22.1,1330,17.3
1,8,0,9,0.0,95.4,21.4,1474,0.0
2,6,0,8,0.0,91.4,23.9,1568,14.0
2,11,1,14,0.0714,89.3,24.0,1832,3.5
6,2,0,8,0.0,88.7,21.1,1298,12.8
2,6,2,10,0.2,96.4,21.2,1633,0.8
7,1,0,8,0.0,83.5,24.9,1253,22.3
0,2,3,5,0.6,77.8,23.2,1283,1.9
1,5,1,7,0.1429,90.1,24.4,1280,1.4
4,5,0,9,0.0,91.7,19.7,1433,13.5
0,2,0,2,0.0,81.2,23.2,1221,18.5
0,1,2,3,0.6667,96.6,20.9,1041,0.0
9,2,0,11,0.0,89.4,23.3,1415,15.8
4,8,1,13,0.0769,95.6,24.6,1721,1.5
1,7,1,9,0.1111,92.1,20.5,1560,0.0
3,9,1,13,0.0769,96.4,20.0,2061,0.0
11,3,0,14,0.0,94.3,23.4,1548,0.0
0,2,1,3,0.3333,98.0,20.1,1454,2.0
1,0,2,3,0.6667,83.1,20.8,1266,0.0
1,5,2,8,0.25,86.9,19.6,1586,0.0
5,2,0,7,0.0,80.0,25.0,1505,21.3
0,2,2,4,0.5,85.3,24.8,1203,0.0
6,8,2,16,0.125,80.0,23.6,2402,0.0
5,2,0,7,0.0,79.8,20.9,1343,15.7
0,9,2,11,0.1818,70.6,23.0,1792,2.0
3,6,3,12,0.25,76.7,19.6,1801,0.0
4,10,0,14,0.0,90.5,23.8,1916,22.5
3,6,3,12,0.25,87.7,23.9,1650,0.0
0,5,3,8,0.375,79.7,23.1,1877,0.0
0,2,2,4,0.5,84.8,21.0,1557,0.0
3,3,2,8,0.25,88.8,17.0,1437,0.0
5,1,0,6,0.0,80.4,21.6,1020,14.0
1,5,3,9,0.3333,98.0,22.1,1503,0.0
0,4,1,5,0.2,98.0,19.9,1192,0.0
7,3,0,10,0.0,98.0,21.8,1552,0.1
4,3,1,8,0.125,89.6,21.4,1609,1.8
1,3,3,7,0.4286,89.1,22.7,1547,0.0
2,12,0,14,0.0,89.4,20.6,1923,17.9
0,9,4,13,0.3077,85.5,18.8,1830,2.3
4,9,0,13,0.0,91.4,20.6,1650,17.5
7,1,0,8,0.0,94.1,19.2,1439,0.0
3,6,1,10,0.1,98.0,23.2,1533,0.9
1,3,3,7,0.4286,86.8,22.0,1374,0.0
5,0,0,5,0.0,73.5,28.0,1156,22.8
1,3,0,4,0.0,95.2,23.5,1106,0.1
1,3,2,6,0.3333,76.8,25.6,1305,0.0
4,7,1,12,0.0833,94.1,19.2,1590,0.1
0,3,1,4,0.25,93.3,16.0,1441,0.0
3,8,0,11,0.0,78.3,24.7,1664,23.5
2,7,2,11,0.1818,72.5,24.2,1604,0.1
3,5,1,9,0.1111,86.7,20.9,1835,0.0
3,7,0,10,0.0,96.0,22.8,1790,0.0
6,1,0,7,0.0,94.2,18.6,1495,0.0
3,7,0,10,0.0,94.9,22.1,1948,0.0
6,2,0,8,0.0,80.1,22.8,1309,20.0
5,1,0,6,0.0,85.6,21.7,1060,9.7
1,10,0,11,0.0,89.8,20.4,1992,14.4
2,11,2,15,0.1333,81.8,23.4,1994,0.3
0,6,3,9,0.3333,93.2,19.6,1750,0.0
1,5,0,6,0.0,86.5,21.6,1386,14.6
1,10,2,13,0.1538,83.8,22.0,1961,0.3
4,7,0,11,0.0,86.3,24.9,1631,20.1
9,1,0,10,0.0,94.8,19.8,1458,0.5
2,9,2,13,0.1538,98.0,19.2,1938,0.0
6,1,0,7,0.0,98.0,22.8,1094,0.3
0,0,1,1,1.0,93.0,19.3,832,0.0
8,1,0,9,0.0,82.1,20.8,1506,19.7
1,8,0,9,0.0,85.2,19.8,1491,17.5
8,4,0,12,0.0,85.3,23.6,1765,18.8
1,1,2,4,0.5,98.0,20.6,1049,0.0
4,8,1,13,0.0769,87.1,26.6,1720,0.0
2,14,2,18,0.1111,81.8,25.4,2137,0.0
6,2,0,8,0.0,79.4,28.0,1351,22.5
2,7,1,10,0.1,98.0,22.1,1806,1.8
8,1,0,9,0.0,92.2,21.0,1327,0.0
0,2,0,2,0.0,81.9,21.7,929,12.8
8,2,0,10,0.0,85.6,20.2,1449,13.0
5,0,0,5,0.0,72.5,26.6,1095,23.7
8,0,0,8,0.0,84.3,21.9,1258,14.2
2,9,0,11,0.0,81.6,22.5,1597,25.6
4,4,1,9,0.1111,89.8,21.9,1840,1.2
6,0,0,6,0.0,83.9,24.4,1044,15.4
2,5,1,8,0.125,90.3,22.6,1513,0.0
3,9,2,14,0.1429,92.2,22.3,1984,2.7
6,7,3,16,0.1875,98.0,18.9,2023,0.0
2,8,0,10,0.0,78.6,24.3,1727,24.1
1,9,4,14,0.2857,87.8,22.6,2027,0.0
3,11,0,14,0.0,77.2,22.3,1870,35.4
5,2,0,7,0.0,89.4,20.1,1464,11.2
11,1,0,12,0.0,87.8,21.3,1894,17.4
0,6,2,8,0.25,87.2,23.1,1494,0.0
0,1,2,3,0.6667,98.0,18.8,1053,0.0
1,5,2,8,0.25,84.8,21.6,1766,0.0
7,2,0,9,0.0,91.9,18.6,1597,10.5
4,8,1,13,0.0769,91.6,21.7,1793,0.0
3,11,1,15,0.0667,82.1,17.3,1855,0.0
7,0,0,7,0.0,98.0,20.6,1248,2.1
4,1,0,5,0.0,91.8,22.9,1192,8.0
1,9,2,12,0.1667,94.5,18.0,1819,0.7
5,9,0,14,0.0,83.7,20.4,1998,30.8
5,0,0,5,0.0,80.0,26.6,953,19.1
3,0,0,3,0.0,90.5,21.4,860,3.4
6,1,0,7,0.0,86.6,21.3,1176,10.3
3,11,0,14,0.0,89.8,24.4,1753,17.3
4,0,0,4,0.0,83.6,22.3,763,17.5
5,0,0,5,0.0,80.7,27.4,1089,21.4
0,10,0,10,0.0,78.5,24.2,1730,26.1
6,1,0,7,0.0,89.2,22.6,1222,10.7
1,4,0,5,0.0,88.0,23.9,1534,13.3
7,2,0,9,0.0,81.8,21.0,1403,21.7
1,0,0,1,0.0,80.5,25.5,880,14.3
7,0,0,7,0.0,90.8,23.0,1085,8.6
2,14,0,16,0.0,87.3,19.9,1941,26.5
1,4,2,7,0.2857,67.9,23.5,1306,0.0
0,2,1,3,0.3333,82.5,24.5,1038,0.0
4,11,1,16,0.0625,94.6,23.2,2051,1.2
5,9,0,14,0.0,88.4,18.9,1801,21.0
11,1,0,12,0.0,98.0,19.6,1779,1.6
7,3,0,10,0.0,87.9,16.0,1568,17.2
1,6,3,10,0.3,86.4,21.3,1600,2.6
5,1,0,6,0.0,87.0,23.3,1367,13.8
3,1,0,4,0.0,86.3,18.0,1154,9.2
2,0,0,2,0.0,91.4,20.2,929,5.0
7,0,0,7,0.0,84.9,26.9,1197,14.9
7,1,0,8,0.0,98.0,20.6,1718,0.0
0,12,0,12,0.0,79.8,25.5,1722,28.6
2,6,0,8,0.0,91.1,18.8,1474,11.7
0,3,1,4,0.25,91.6,21.9,1466,0.0
1,2,0,3,0.0,89.4,22.0,1109,6.4
3,7,0,10,0.0,88.9,24.9,1482,15.3
7,2,0,9,0.0,87.8,23.7,1361,13.6
1,6,0,7,0.0,89.2,23.2,1535,13.4
6,5,5,16,0.3125,81.2,21.3,1947,0.3
4,0,0,4,0.0,92.5,24.6,1078,1.2
2,9,2,13,0.1538,90.2,21.9,1940,0.3
2,9,1,12,0.0833,93.7,23.3,1695,0.6
2,10,2,14,0.1429,92.2,20.9,2045,0.0
3,8,3,14,0.2143,82.4,25.4,1826,0.0
9,1,0,10,0.0,88.4,24.1,1585,13.0
1,4,1,6,0.1667,86.3,20.0,1310,1.0
6,5,3,14,0.2143,88.5,22.1,1902,1.4
4,2,0,6,0.0,84.5,19.2,1150,11.0
0,1,2,3,0.6667,97.6,21.6,1481,2.5
5,5,0,10,0.0,91.7,21.6,1807,15.4
0,3,1,4,0.25,98.0,21.0,1385,0.4
0,6,0,6,0.0,98.0,21.3,1563,0.0
0,8,1,9,0.1111,76.9,25.3,1556,0.0
4,0,0,4,0.0,98.0,16.0,1261,0.0
4,1,0,5,0.0,81.2,20.3,1123,16.0
2,7,0,9,0.0,83.2,23.2,1309,24.6
3,9,2,14,0.1429,91.7,24.9,1867,0.0
5,1,0,6,0.0,80.5,21.8,1148,14.4
7,1,0,8,0.0,83.2,22.4,1247,19.4
1,5,5,11,0.4545,90.4,24.5,1714,2.6
0,2,2,4,0.5,94.1,21.6,1344,0.1
2,9,0,11,0.0,81.7,22.2,1769,27.3
5,1,0,6,0.0,85.2,20.2,1146,14.4
5,1,0,6,0.0,81.9,18.4,1091,14.2
6,2,0,8,0.0,78.6,24.8,1599,19.7
0,4,1,5,0.2,85.8,21.9,1345,0.1
4,0,0,4,0.0,94.0,21.9,1241,0.0
4,7,0,11,0.0,97.1,18.9,1923,0.0
4,0,0,4,0.0,98.0,23.0,960,0.0
2,6,0,8,0.0,83.2,28.0,1326,23.7
4,13,4,21,0.1905,90.7,20.0,2295,0.1
0,8,1,9,0.1111,85.8,21.9,1486,0.0
12,0,0,12,0.0,91.0,21.8,1330,12.5
4,0,0,4,0.0,78.6,18.7,1031,13.5
3,0,0,3,0.0,98.0,18.1,849,0.0
1,2,0,3,0.0,78.5,19.4,953,15.4
0,2,2,4,0.5,89.1,23.9,1263,0.3
0,12,0,12,0.0,93.0,20.0,1679,0.9
0,5,0,5,0.0,80.5,23.3,1409,21.2
2,5,0,7,0.0,88.8,25.0,1442,12.7
7,0,0,7,0.0,87.4,21.8,1527,12.9
1,1,2,4,0.5,86.8,22.8,1139,0.0
1,8,0,9,0.0,80.8,20.6,1556,22.5
2,3,1,6,0.1667,83.7,20.2,1300,0.0
1,4,0,5,0.0,82.8,23.9,1375,20.9
2,1,0,3,0.0,86.5,21.0,945,10.5
5,2,0,7,0.0,82.0,20.4,1230,18.2
2,15,0,17,0.0,87.7,22.6,2500,0.0
7,0,0,7,0.0,82.9,20.4,1188,17.7
2,6,0,8,0.0,92.9,24.0,1391,1.9
3,1,0,4,0.0,92.7,22.8,1055,0.6
1,8,0,9,0.0,88.9,23.0,1449,13.8
9,1,0,10,0.0,86.3,23.5,1442,17.9
2,4,3,9,0.3333,76.2,26.4,1623,1.1
1,7,0,8,0.0,98.0,20.0,1690,1.9
6,0,0,6,0.0,91.9,21.8,1052,6.0
0,7,1,8,0.125,98.0,24.8,1660,2.4
0,6,2,8,0.25,81.7,21.0,2039,0.0
0,6,1,7,0.1429,89.2,22.7,1599,1.2
1,1,0,2,0.0,97.1,26.8,911,1.2
1,6,0,7,0.0,87.8,17.1,1744,16.9
5,0,0,5,0.0,82.5,24.1,982,13.7
5,1,0,6,0.0,92.2,21.4,1065,0.0
3,0,0,3,0.0,94.0,17.4,963,0.9
5,2,0,7,0.0,88.0,23.1,1263,16.7
11,0,0,11,0.0,98.0,20.1,1270,0.0
2,6,0,8,0.0,85.4,22.6,1778,17.4
0,8,1,9,0.1111,98.0,17.4,1675,0.0
2,9,0,11,0.0,75.4,24.9,1554,30.8
2,8,2,12,0.1667,87.6,25.1,1719,3.4
7,2,0,9,0.0,97.2,19.1,1363,1.4
4,0,0,4,0.0,73.4,27.0,953,22.0
1,4,1,6,0.1667,79.3,22.0,1332,1.1
0,5,0,5,0.0,87.7,20.6,1434,12.4
2,9,2,13,0.1538,94.9,20.6,1816,0.0
2,10,1,13,0.0769,87.8,23.1,1729,0.0
10,1,0,11,0.0,91.8,21.1,1627,9.5
0,1,1,2,0.5,98.0,19.2,1125,0.5
2,7,0,9,0.0,85.9,19.3,1548,17.1
4,8,1,13,0.0769,72.5,23.0,1584,0.5
5,1,0,6,0.0,89.4,19.8,1157,4.9
1,4,1,6,0.1667,83.1,23.1,1695,3.6
3,10,0,13,0.0,84.3,23.1,1930,23.8
9,0,0,9,0.0,90.0,23.2,1153,11.3
0,4,3,7,0.4286,92.0,21.2,1364,0.0
5,1,0,6,0.0,90.3,24.0,1276,10.4
0,5,1,6,0.1667,85.7,21.6,1365,0.0
4,12,0,16,0.0,88.1,21.5,1812,24.6
10,0,0,10,0.0,91.3,19.8,1271,14.5
3,2,0,5,0.0,98.0,21.8,1102,0.0
2,1,1,4,0.25,90.5,21.0,985,0.4
1,9,0,10,0.0,95.8,21.0,1726,0.0
0,2,1,3,0.3333,88.9,22.3,995,1.9
2,12,3,17,0.1765,75.4,22.6,2311,2.7
7,9,0,16,0.0,86.8,19.2,1857,22.2
0,3,1,4,0.25,91.7,19.5,1020,0.0
7,0,0,7,0.0,88.0,23.4,1163,8.0
3,7,0,10,0.0,89.1,23.7,1801,15.9
10,0,0,10,0.0,83.1,28.0,1240,22.5
2,1,2,5,0.4,84.7,21.1,1241,0.9
0,1,3,4,0.75,82.0,24.4,1214,1.7
7,1,0,8,0.0,95.3,22.8,1185,0.0
0,9,5,14,0.3571,84.0,19.8,2046,1.3
0,2,1,3,0.3333,88.3,26.5,1061,0.0
7,2,0,9,0.0,97.5,22.0,1067,2.0
4,11,0,15,0.0,87.6,18.5,1866,22.5
0,3,1,4,0.25,84.6,19.5,1225,0.2
4,0,0,4,0.0,83.8,23.8,971,13.1
2,11,0,13,0.0,87.9,22.4,1859,25.2
5,1,0,6,0.0,76.6,21.7,1025,22.4
1,1,4,6,0.6667,91.6,20.9,1240,0.0
0,4,3,7,0.4286,90.7,22.4,1332,0.2
0,3,1,4,0.25,76.9,20.2,1165,0.7
0,13,0,13,0.0,80.5,21.6,2027,1.6
2,1,3,6,0.5,85.8,17.8,1557,2.1
1,3,0,4,0.0,73.8,26.0,1102,24.7
2,7,0,9,0.0,91.8,19.7,1702,13.8
0,5,1,6,0.1667,95.8,19.1,1282,0.0
9,0,0,9,0.0,86.3,21.8,1426,14.6
1,12,3,16,0.1875,92.3,22.4,2152,0.6
8,0,0,8,0.0,94.2,21.4,1364,0.0
6,1,0,7,0.0,88.1,21.2,1414,9.7
9,0,0,9,0.0,93.3,22.4,1233,0.6
0,9,1,10,0.1,89.9,22.8,1686,0.0
0,10,1,11,0.0909,75.1,25.2,1730,0.9
1,8,1,10,0.1,86.3,21.2,1667,0.4
10,1,0,11,0.0,89.9,22.1,1677,13.0
2,2,0,4,0.0,92.8,20.4,870,1.3
2,11,2,15,0.1333,91.5,23.2,2263,0.0
0,8,0,8,0.0,77.7,23.6,1599,32.4
2,13,1,16,0.0625,77.8,26.4,2012,1.0
1,10,2,13,0.1538,79.0,21.8,1981,0.0
0,3,2,5,0.4,88.3,22.9,1301,1.1
3,9,0,12,0.0,83.1,17.7,1915,28.2
6,0,0,6,0.0,89.0,23.1,1477,8.7
5,2,0,7,0.0,83.6,27.0,1262,21.7
0,0,1,1,1.0,95.1,24.4,1108,0.0
6,0,0,6,0.0,97.0,21.3,1096,3.3
1,6,1,8,0.125,86.7,21.3,1434,0.0
0,6,2,8,0.25,80.5,18.9,1771,1.0
1,0,2,3,0.6667,90.3,20.0,1059,0.0
5,5,0,10,0.0,94.5,21.2,1686,0.0
0,3,1,4,0.25,83.8,21.3,1150,0.6
3,8,3,14,0.2143,90.1,19.2,2398,0.2
0,11,3,14,0.2143,85.0,21.6,1942,1.2
2,8,5,15,0.3333,98.0,21.4,2337,0.4
3,10,2,15,0.1333,87.1,20.1,1893,0.0
2,7,2,11,0.1818,94.4,19.5,1789,1.6
1,3,2,6,0.3333,89.6,22.8,1256,0.1
0,3,0,3,0.0,98.0,20.3,1427,0.0
3,9,1,13,0.0769,84.5,26.3,1820,0.0
3,10,2,15,0.1333,86.1,26.9,1811,0.0
4,5,2,11,0.1818,88.4,22.4,1667,2.4
1,4,0,5,0.0,96.1,22.2,1330,0.0
5,1,0,6,0.0,98.0,24.0,1124,1.0
4,3,0,7,0.0,82.5,22.1,1424,21.8
2,11,1,14,0.0714,96.4,21.4,2117,1.2
8,1,0,9,0.0,96.9,19.2,1502,0.0
10,1,0,11,0.0,82.4,24.0,1457,22.0
7,1,0,8,0.0,93.4,24.0,1200,2.1
2,0,0,2,0.0,86.3,23.5,888,7.7
4,3,0,7,0.0,98.0,18.3,1445,0.0
1,3,2,6,0.3333,75.2,20.3,1335,0.0
1,6,0,7,0.0,88.7,20.7,1224,11.0
3,9,2,14,0.1429,82.6,19.4,1840,3.7
6,11,0,17,0.0,89.5,20.3,1922,20.1
2,1,0,3,0.0,83.1,24.9,845,16.4
1,3,1,5,0.2,83.7,20.2,1336,0.0
1,9,2,12,0.1667,86.6,20.5,1855,0.0
6,2,0,8,0.0,81.4,24.7,1148,17.7
2,9,2,13,0.1538,92.5,24.4,2037,0.0
3,4,3,10,0.3,86.4,21.2,1882,0.0
0,4,3,7,0.4286,98.0,17.3,1441,2.4
1,5,0,6,0.0,95.4,23.3,1084,0.0
0,11,4,15,0.2667,98.0,21.8,2360,0.0
5,1,0,6,0.0,90.9,21.5,1648,11.0
0,5,1,6,0.1667,91.0,21.6,1251,0.0
5,2,0,7,0.0,81.9,20.4,1246,20.1
0,0,0,0,0.0,82.0,23.7,755,13.4
5,11,2,18,0.1111,90.3,17.5,2243,1.9
2,8,0,10,0.0,91.6,21.4,1486,12.7
2,7,0,9,0.0,98.0,21.3,1566,1.7
12,3,0,15,0.0,88.3,23.7,1732,17.5
10,3,0,13,0.0,76.6,23.0,1773,30.8
4,1,0,5,0.0,93.4,22.4,1027,0.3
9,1,0,10,0.0,91.8,21.8,1540,10.0
2,12,0,14,0.0,85.4,21.8,2153,4.7
6,11,2,19,0.1053,92.9,26.2,2247,0.1
5,0,0,5,0.0,76.0,22.8,1255,24.2
1,2,4,7,0.5714,98.0,20.9,1551,0.0
0,3,1,4,0.25,89.1,22.9,1343,0.5
0,2,4,6,0.6667,82.8,21.4,1681,0.6
0,2,4,6,0.6667,98.0,21.2,1711,1.0
5,0,0,5,0.0,92.2,22.2,1213,0.0
0,11,3,14,0.2143,87.2,20.8,2257,1.0
1,5,0,6,0.0,86.3,21.7,1360,16.1
3,9,2,14,0.1429,94.6,19.3,1845,2.7
6,3,0,9,0.0,85.5,19.1,1391,16.0
0,5,1,6,0.1667,95.0,23.0,1544,1.5
7,3,0,10,0.0,90.9,19.1,1902,12.7
2,1,0,3,0.0,87.3,25.3,1015,11.8
2,10,4,16,0.25,94.2,21.3,2316,0.0
2,7,0,9,0.0,92.2,23.3,1458,0.0
2,10,0,12,0.0,95.5,22.7,2190,0.1
11,1,0,12,0.0,98.0,20.2,1426,0.9
0,1,5,6,0.8333,92.4,20.2,1621,0.8
7,3,0,10,0.0,86.6,17.2,1349,15.2
8,0,0,8,0.0,85.4,22.3,1282,16.5
0,3,1,4,0.25,85.3,22.0,1299,0.0
0,3,0,3,0.0,79.4,24.5,1096,15.6
1,1,1,3,0.3333,85.6,19.5,1157,0.0
0,7,3,10,0.3,84.4,22.8,1633,0.0
1,6,4,11,0.3636,80.7,23.8,2116,0.0
5,8,0,13,0.0,83.9,18.3,2076,0.5
7,1,0,8,0.0,80.0,19.3,1232,18.6
1,6,0,7,0.0,85.5,23.1,1406,16.9
2,9,1,12,0.0833,91.8,19.8,1672,2.4
5,0,0,5,0.0,88.0,19.6,1412,13.2
0,10,2,12,0.1667,95.7,19.9,2070,0.0
3,7,2,12,0.1667,82.1,21.9,1752,0.0
7,0,0,7,0.0,89.9,22.5,1354,12.3
8,0,0,8,0.0,88.5,21.8,1473,8.3
1,8,1,10,0.1,87.5,17.1,1834,0.0
9,0,0,9,0.0,85.1,21.9,1680,14.4
0,2,1,3,0.3333,85.0,21.4,1034,0.0
3,7,0,10,0.0,91.2,19.8,1618,11.2
2,5,1,8,0.125,84.6,27.3,1426,0.3
2,8,2,12,0.1667,84.2,23.6,1842,1.5
1,6,1,8,0.125,85.2,20.1,1819,0.5
2,7,0,9,0.0,90.4,20.0,1945,16.6
2,10,2,14,0.1429,76.5,24.0,2044,0.0
3,9,2,14,0.1429,90.5,22.0,1987,1.3
7,0,0,7,0.0,97.8,21.5,1340,0.0
1,1,1,3,0.3333,84.6,20.9,1447,2.4
1,9,0,10,0.0,80.1,28.0,1475,28.8
1,7,5,13,0.3846,95.3,20.5,2217,1.1
0,0,1,1,1.0,93.8,20.5,1217,0.8
0,5,1,6,0.1667,84.8,22.3,1402,0.0
0,3,1,4,0.25,89.1,20.2,1201,0.0
0,0,3,3,1.0,76.2,22.6,1152,0.5
2,6,0,8,0.0,88.1,22.2,1507,12.6
2,10,3,15,0.2,76.8,20.9,2009,1.2
2,8,0,10,0.0,68.9,26.1,1578,38.9
1,8,1,10,0.1,94.2,21.8,1813,0.0
3,0,0,3,0.0,90.8,21.4,870,5.0
1,1,1,3,0.3333,95.4,21.9,1083,0.0
1,3,5,9,0.5556,84.0,21.5,1747,0.0
7,1,0,8,0.0,89.2,23.9,1732,11.1
0,5,1,6,0.1667,87.7,19.1,1241,0.0
10,0,0,10,0.0,86.4,21.6,1595,14.6
2,8,0,10,0.0,94.4,21.3,1753,0.0
3,9,1,13,0.0769,80.0,26.0,1883,0.0
7,4,0,11,0.0,83.6,22.2,1448,24.1
0,4,0,4,0.0,83.9,23.0,1119,19.4
0,1,0,1,0.0,93.0,18.5,926,0.0
0,8,0,8,0.0,96.4,19.5,1412,0.3
4,1,0,5,0.0,80.3,21.6,866,17.1
7,0,0,7,0.0,89.8,19.3,1145,6.3
4,8,0,12,0.0,77.8,24.9,1624,29.2
0,6,1,7,0.1429,93.8,20.4,1510,1.8
3,6,2,11,0.1818,88.0,22.3,1930,0.0
4,1,0,5,0.0,84.7,24.7,1074,11.6
1,10,0,11,0.0,77.6,25.1,1608,32.0
1,9,1,11,0.0909,89.0,23.4,1895,0.0
3,7,0,10,0.0,84.9,21.4,1734,16.6
10,0,0,10,0.0,79.1,25.7,1403,23.7
1,9,0,10,0.0,80.3,20.2,1524,24.8
1,5,0,6,0.0,76.3,26.4,1340,30.1
0,2,1,3,0.3333,87.2,19.0,1454,0.6
3,7,2,12,0.1667,85.7,20.7,1618,0.0
3,14,0,17,0.0,81.2,28.0,2111,0.0
0,2,0,2,0.0,82.5,24.3,986,15.0
4,2,0,6,0.0,90.7,17.4,1209,11.3
1,4,2,7,0.2857,98.0,21.9,1341,0.8
3,15,0,18,0.0,84.1,24.1,2045,0.1
7,2,0,9,0.0,88.0,23.4,1165,11.5
1,11,0,12,0.0,67.8,28.0,1752,39.6
3,9,0,12,0.0,85.4,18.9,1741,23.4
7,1,0,8,0.0,84.9,19.2,1510,13.0
1,13,0,14,0.0,98.0,20.8,1941,0.0
2,6,1,9,0.1111,89.4,20.1,1614,0.0
3,10,2,15,0.1333,93.1,16.0,2400,0.0
7,3,0,10,0.0,95.4,21.5,1376,0.0
0,8,1,9,0.1111,97.5,23.7,1699,0.6
0,3,1,4,0.25,92.2,22.0,1113,0.2
1,2,1,4,0.25,84.9,22.0,1391,0.0
2,2,1,5,0.2,84.4,22.2,1630,0.0
6,1,0,7,0.0,92.8,18.7,1342,0.0
0,8,0,8,0.0,84.2,21.6,1364,18.5
6,1,0,7,0.0,86.8,18.9,1128,13.5
8,1,0,9,0.0,86.4,20.2,1480,14.9
3,3,2,8,0.25,80.8,21.1,1677,0.3
2,13,0,15,0.0,93.6,24.1,2096,0.0
4,6,0,10,0.0,94.1,18.9,1628,0.6
3,6,0,9,0.0,98.0,19.1,1639,0.0
1,7,1,9,0.1111,91.6,21.1,1638,0.0
5,0,0,5,0.0,97.0,22.2,1287,0.0
0,4,0,4,0.0,91.5,20.3,1118,9.1
0,6,0,6,0.0,93.4,20.7,1352,1.5
2,5,3,10,0.3,76.0,23.9,1654,0.0
6,2,0,8,0.0,84.4,19.7,1385,15.0
3,9,0,12,0.0,80.8,27.4,1587,27.1
3,10,0,13,0.0,94.2,19.3,1679,0.0
6,1,0,7,0.0,86.8,23.0,1185,12.8
6,2,0,8,0.0,90.3,22.5,1299,10.4
4,11,0,15,0.0,80.2,28.0,1767,31.2
4,8,0,12,0.0,96.1,18.3,1897,1.5
5,1,0,6,0.0,96.3,16.6,1454,0.8
2,2,1,5,0.2,96.9,21.2,1207,1.3
5,1,0,6,0.0,98.0,18.1,1294,0.0
1,7,1,9,0.1111,91.8,23.2,1485,0.0
0,2,3,5,0.6,98.0,23.1,1600,0.2
2,6,0,8,0.0,90.4,23.7,1388,15.2
1,7,2,10,0.2,83.2,22.0,1888,1.8
2,6,0,8,0.0,90.8,21.4,1156,11.5
1,0,0,1,0.0,76.2,22.9,1105,20.6
1,4,4,9,0.4444,81.9,23.2,1593,2.8
2,8,0,10,0.0,87.9,18.4,1577,18.6
0,1,1,2,0.5,83.2,25.6,1106,0.0
6,1,0,7,0.0,86.0,20.8,1101,10.8
11,0,0,11,0.0,93.2,23.0,1289,0.2
4,0,0,4,0.0,97.9,23.4,1092,0.0
2,3,2,7,0.2857,97.2,25.5,1347,0.0
0,7,0,7,0.0,89.3,23.4,1547,15.2
0,5,2,7,0.2857,77.4,20.7,1331,2.0
2,5,2,9,0.2222,85.3,21.1,1759,0.4
1,2,2,5,0.4,83.7,24.6,1211,0.0
7,2,0,9,0.0,81.9,23.4,1454,22.6
1,3,1,5,0.2,86.0,19.8,1264,0.5
1,7,1,9,0.1111,90.7,22.3,1767,0.0
0,11,1,12,0.0833,89.8,19.4,2143,0.0
0,5,2,7,0.2857,87.4,25.7,1421,0.6
0,12,0,12,0.0,94.8,21.9,1928,0.0
0,10,0,10,0.0,98.0,21.2,1597,0.0
5,2,0,7,0.0,98.0,22.9,1363,0.0
8,1,0,9,0.0,85.0,20.8,1718,16.0
1,4,1,6,0.1667,91.7,20.5,1607,0.0
3,8,1,12,0.0833,86.9,20.2,1800,0.2
2,7,0,9,0.0,92.3,19.2,1752,0.0
2,12,0,14,0.0,83.9,21.7,1931,28.4
7,1,0,8,0.0,83.4,17.2,1503,19.3
10,4,0,14,0.0,89.8,19.5,1807,14.7
2,8,2,12,0.1667,84.6,20.0,2147,0.0
1,9,0,10,0.0,98.0,20.4,1576,0.8
8,3,0,11,0.0,72.8,26.5,1497,31.9
0,8,1,9,0.1111,74.7,22.9,1609,1.0
7,1,0,8,0.0,86.1,21.2,1348,11.9
0,5,0,5,0.0,83.2,21.3,1198,15.3
8,2,0,10,0.0,98.0,20.9,1574,0.0
1,8,0,9,0.0,77.7,27.8,1582,30.9
2,4,0,6,0.0,85.1,21.2,1125,11.9
1,9,0,10,0.0,91.1,21.6,1559,13.5
8,1,0,9,0.0,98.0,20.5,1223,2.7
12,1,0,13,0.0,83.4,25.9,1399,23.5
2,8,1,11,0.0909,87.2,22.5,1688,1.2
2,6,1,9,0.1111,82.3,21.8,1420,1.9
2,5,1,8,0.125,94.3,18.8,1368,0.0
11,0,0,11,0.0,98.0,20.8,1351,2.1
0,3,0,3,0.0,84.8,24.3,1256,16.2
0,2,1,3,0.3333,85.0,19.4,1390,0.0
1,12,0,13,0.0,88.8,25.1,1882,23.3
6,2,0,8,0.0,89.8,19.8,1325,9.5
5,6,4,15,0.2667,81.2,21.4,2259,2.1
10,0,0,10,0.0,87.9,21.6,1453,12.3
6,3,0,9,0.0,98.0,20.3,1314,0.0
0,3,0,3,0.0,82.1,19.3,1207,18.3
7,1,0,8,0.0,88.2,20.6,1170,9.2
2,3,0,5,0.0,83.2,20.8,1325,18.4
2,6,3,11,0.2727,85.2,23.8,1746,1.4
5,2,0,7,0.0,86.1,21.1,1310,11.1
4,10,0,14,0.0,91.7,20.8,2035,1.3
6,2,0,8,0.0,94.4,23.9,1762,0.4
1,7,1,9,0.1111,89.7,21.4,1958,1.1
1,6,1,8,0.125,85.4,20.1,1343,0.0
9,3,0,12,0.0,98.0,19.0,1804,1.8
1,9,0,10,0.0,74.6,23.3,1638,32.5
8,0,0,8,0.0,93.2,20.5,1069,0.0
9,0,0,9,0.0,83.5,20.0,1543,18.5
1,7,1,9,0.1111,90.9,20.7,1496,0.2
10,4,0,14,0.0,90.0,23.7,1716,15.0
3,6,1,10,0.1,80.4,19.4,1848,0.0
2,11,4,17,0.2353,88.2,22.8,2067,1.7
0,7,1,8,0.125,90.2,20.9,1504,0.0
4,0,0,4,0.0,98.0,18.4,950,0.0
2,1,0,3,0.0,98.0,20.1,810,2.2
5,0,0,5,0.0,79.7,20.8,1437,17.6
0,5,1,6,0.1667,97.2,21.1,1633,0.5
2,10,0,12,0.0,88.7,20.8,2000,18.4
6,3,0,9,0.0,75.9,24.3,1450,26.9
1,0,1,2,0.5,92.0,19.8,1378,2.3
4,2,0,6,0.0,81.2,20.7,1535,17.9
3,4,2,9,0.2222,84.3,23.1,1429,0.0
5,3,0,8,0.0,80.9,17.9,1727,19.3
1,3,0,4,0.0,90.0,23.6,1282,12.3
0,11,2,13,0.1538,89.9,17.0,1823,0.0
1,5,0,6,0.0,77.9,24.0,1268,29.1
1,13,0,14,0.0,97.1,22.1,2282,0.3
0,3,1,4,0.25,78.3,23.6,1170,0.0
6,0,0,6,0.0,98.0,17.1,1329,0.0
0,1,1,2,0.5,89.4,21.2,916,1.6
3,7,0,10,0.0,84.8,20.9,1705,18.7
0,1,2,3,0.6667,82.5,22.3,1163,0.0
1,8,0,9,0.0,82.4,19.6,1689,23.7
4,12,0,16,0.0,83.9,26.0,1834,33.0
2,4,0,6,0.0,88.4,21.7,1403,9.9
2,15,0,17,0.0,85.8,21.2,1975,29.5
4,1,0,5,0.0,95.0,22.9,1109,3.0
2,1,0,3,0.0,91.4,18.7,1010,4.1
8,1,0,9,0.0,81.2,19.4,1486,16.6
8,1,0,9,0.0,95.3,22.4,1199,0.2
0,4,0,4,0.0,89.0,20.9,1415,10.6
1,1,0,2,0.0,72.1,23.3,882,20.7
0,2,1,3,0.3333,91.1,20.4,967,0.0
2,7,1,10,0.1,94.1,21.5,1628,0.0
4,1,0,5,0.0,90.4,20.4,1064,6.5
1,12,3,16,0.1875,88.7,24.2,1960,0.0
1,11,1,13,0.0769,87.8,17.8,2035,0.0
1,10,0,11,0.0,91.6,20.6,1826,17.1
3,10,0,13,0.0,95.7,19.1,1778,0.8
4,10,1,15,0.0667,85.5,23.9,1916,1.3
10,0,0,10,0.0,93.5,24.4,1322,0.0
1,3,2,6,0.3333,86.7,18.6,1264,0.0
0,3,3,6,0.5,63.6,25.4,1310,0.0
2,6,0,8,0.0,91.1,17.4,1245,13.6
4,1,0,5,0.0,98.0,22.6,986,2.2
3,3,2,8,0.25,85.3,23.8,1509,0.0
5,1,0,6,0.0,78.6,21.5,1354,20.8
5,1,0,6,0.0,83.7,19.7,1505,20.8
6,2,0,8,0.0,85.8,19.5,1085,11.3
2,5,0,7,0.0,83.6,23.1,1662,21.5
1,3,4,8,0.5,76.6,26.8,1694,1.1
3,9,0,12,0.0,92.8,19.7,1916,0.0
1,11,0,12,0.0,93.7,20.8,1764,0.0
2,7,4,13,0.3077,92.3,25.4,1829,1.6
1,12,1,14,0.0714,98.0,22.5,1887,1.1
3,6,0,9,0.0,98.0,18.4,1406,0.0
0,5,1,6,0.1667,93.5,21.0,1277,0.8
6,2,0,8,0.0,78.4,20.4,1494,20.1
0,3,2,5,0.4,75.5,25.4,1284,0.0
0,5,2,7,0.2857,71.0,24.5,1256,0.0
3,6,3,12,0.25,85.1,19.8,2289,0.0
1,12,1,14,0.0714,95.3,22.4,1889,0.0
2,3,0,5,0.0,87.5,19.6,1048,10.5
0,2,0,2,0.0,89.9,27.6,918,8.8
1,3,4,8,0.5,92.8,21.3,1443,2.0
2,4,2,8,0.25,89.4,20.6,1723,0.0
5,1,0,6,0.0,94.6,25.7,1111,0.4
3,8,0,11,0.0,92.0,21.6,1660,13.5
0,5,1,6,0.1667,91.4,21.2,1604,0.0
4,1,0,5,0.0,94.5,20.1,1117,1.0
1,7,0,8,0.0,94.7,23.8,1339,0.0
2,8,0,10,0.0,81.1,20.1,1533,22.7
0,7,0,7,0.0,87.0,22.4,1277,16.9
6,2,0,8,0.0,87.5,22.4,1269,16.6
1,11,0,12,0.0,86.6,23.6,1769,22.0
0,2,1,3,0.3333,86.1,23.0,1155,0.0
3,0,0,3,0.0,97.7,21.6,968,1.6
6,0,0,6,0.0,95.2,19.2,1070,0.0
0,4,1,5,0.2,89.0,22.8,1491,1.9
5,1,0,6,0.0,95.1,23.8,1094,0.0
0,3,0,3,0.0,81.0,22.2,1016,19.6
1,7,0,8,0.0,81.1,25.0,1473,25.0
8,2,0,10,0.0,98.0,19.7,1395,0.0
0,5,3,8,0.375,72.3,24.1,1515,0.1
1,12,3,16,0.1875,88.5,21.8,2470,0.1
3,9,0,12,0.0,77.5,23.8,1622,31.2
2,12,1,15,0.0667,90.3,21.3,2408,2.0
0,9,0,9,0.0,90.8,22.7,1606,16.8
6,3,0,9,0.0,92.4,21.2,1774,1.4
2,11,0,13,0.0,98.0,20.6,1768,1.3
2,0,0,2,0.0,89.4,18.4,926,3.3
12,1,0,13,0.0,88.2,20.3,1509,13.8
4,10,0,14,0.0,94.1,18.3,2027,0.8
1,2,0,3,0.0,90.0,23.5,926,5.5
2,12,3,17,0.1765,81.5,20.4,2342,0.0
3,3,0,6,0.0,91.0,23.6,999,9.9
1,3,2,6,0.3333,86.1,21.4,1482,0.0
4,12,0,16,0.0,85.4,25.9,2154,0.3
9,0,0,9,0.0,83.5,19.7,1237,19.3
6,1,0,7,0.0,84.2,21.3,1198,9.4
8,1,0,9,0.0,83.4,20.1,1280,21.0
1,3,2,6,0.3333,93.3,20.1,1165,2.7
3,9,3,15,0.2,93.5,21.9,2053,0.0
0,2,0,2,0.0,85.5,20.6,1186,8.2
0,6,1,7,0.1429,94.6,22.7,1686,0.3
9,1,0,10,0.0,98.0,20.7,1854,0.9
3,11,1,15,0.0667,92.6,19.4,2195,0.0
1,8,0,9,0.0,88.2,21.4,1797,14.5
6,1,0,7,0.0,77.3,23.4,1114,24.2
3,0,0,3,0.0,84.9,22.7,1047,7.8
10,1,0,11,0.0,97.9,20.8,1471,0.0
2,7,1,10,0.1,98.0,21.1,1835,0.0
2,7,0,9,0.0,97.0,21.2,1678,0.0
4,11,0,15,0.0,88.6,24.7,1872,22.3
0,2,1,3,0.3333,92.5,19.5,1431,0.0
1,3,2,6,0.3333,81.7,22.1,1361,0.0
5,8,0,13,0.0,90.9,22.2,1596,19.8
0,3,2,5,0.4,87.2,21.3,1685,0.0
4,2,0,6,0.0,92.1,22.1,1158,0.0
12,1,0,13,0.0,83.5,26.7,1491,26.6
4,1,0,5,0.0,91.6,23.2,1370,10.8
8,1,0,9,0.0,88.4,22.6,1302,12.2
1,5,0,6,0.0,87.9,19.5,1248,16.9
0,3,1,4,0.25,87.5,21.4,1125,0.0
8,2,0,10,0.0,79.4,28.0,1386,25.0
5,0,0,5,0.0,93.8,22.8,1058,0.0
2,5,2,9,0.2222,88.8,21.0,1844,0.0
0,6,2,8,0.25,90.9,20.5,1678,0.5
2,6,3,11,0.2727,98.0,22.7,1608,0.8
3,4,0,7,0.0,96.9,19.9,1329,0.0
2,0,0,2,0.0,94.8,22.4,975,0.0
3,0,0,3,0.0,92.9,20.0,1019,2.7
0,1,2,3,0.6667,85.1,24.6,1114,0.0
0,3,0,3,0.0,85.5,19.9,1349,10.5
12,3,0,15,0.0,88.3,22.7,1957,17.9
0,3,1,4,0.25,90.5,20.1,1189,1.4
4,13,1,18,0.0556,88.9,20.3,2187,1.8
0,6,3,9,0.3333,93.9,19.9,1962,0.0
2,10,0,12,0.0,90.0,17.4,2068,3.0
1,11,1,13,0.0769,93.4,21.5,2294,0.0
3,9,1,13,0.0769,93.4,19.7,1773,0.0
3,9,2,14,0.1429,82.2,23.6,1885,0.0
12,2,0,14,0.0,81.9,22.5,1859,25.4
10,2,0,12,0.0,82.7,22.4,1420,23.9
2,4,0,6,0.0,98.0,18.3,1384,0.0
1,15,1,17,0.0588,89.9,21.6,2500,0.0
6,1,0,7,0.0,89.0,23.6,1364,10.4
1,3,2,6,0.3333,98.0,20.7,1327,1.4
0,1,3,4,0.75,72.5,24.6,1320,0.0
5,1,0,6,0.0,95.0,18.3,1517,0.9
1,6,2,9,0.2222,78.9,21.5,1686,0.0
2,8,0,10,0.0,86.1,21.1,1427,20.3
0,2,3,5,0.6,74.0,25.6,1119,2.7
7,0,0,7,0.0,96.6,23.2,1226,0.0
1,5,0,6,0.0,79.7,18.3,1363,22.2
0,7,1,8,0.125,80.9,24.7,1423,0.0
1,4,1,6,0.1667,79.8,23.6,1232,0.0
3,7,0,10,0.0,87.2,16.6,1870,17.3
4,10,1,15,0.0667,78.6,25.8,1880,0.0
0,3,2,5,0.4,94.0,24.4,1121,0.0
1,5,1,7,0.1429,88.9,18.4,1396,0.0
2,4,1,7,0.1429,92.9,23.0,1377,3.8
11,0,0,11,0.0,98.0,21.9,1336,0.0
2,5,1,8,0.125,98.0,20.2,1317,0.0
1,14,0,15,0.0,86.6,23.3,2195,0.0
1,9,3,13,0.2308,90.5,24.1,1888,0.7
5,0,0,5,0.0,93.0,18.6,1332,0.8
1,10,2,13,0.1538,87.5,19.8,1876,1.5
1,5,2,8,0.25,92.5,23.5,1340,0.4
3,14,0,17,0.0,85.1,23.5,1905,30.3
4,1,0,5,0.0,76.5,26.4,1040,24.5
3,10,0,13,0.0,94.4,19.3,1843,0.4
1,3,1,5,0.2,84.6,23.6,1444,0.6
5,2,0,7,0.0,87.5,20.2,1304,13.9
2,1,1,4,0.25,82.7,22.2,1139,0.0
1,7,2,10,0.2,96.3,23.0,2011,0.0
0,4,1,5,0.2,87.7,18.5,1251,0.0
3,15,0,18,0.0,78.3,22.7,2292,1.8
1,8,2,11,0.1818,79.5,23.7,1611,0.0
1,8,0,9,0.0,86.9,24.2,1534,17.9
0,2,3,5,0.6,88.0,25.5,1504,0.4
4,3,4,11,0.3636,86.6,23.9,1627,2.0
1,7,0,8,0.0,85.6,19.9,1748,17.8
6,10,1,17,0.0588,78.6,25.6,1957,1.4
0,4,0,4,0.0,82.8,23.5,1057,16.0
3,5,0,8,0.0,74.4,21.0,1465,25.5
2,9,0,11,0.0,88.8,22.7,2020,0.0
1,11,0,12,0.0,81.1,22.9,1686,27.8
1,1,0,2,0.0,86.9,24.7,950,10.9
5,1,0,6,0.0,82.2,25.5,1107,19.1
1,4,0,5,0.0,84.3,18.5,1075,13.7
4,1,0,5,0.0,94.0,20.8,1475,0.2
2,6,2,10,0.2,76.8,24.6,1636,1.4
6,12,1,19,0.0526,86.4,20.1,2380,0.0
2,5,2,9,0.2222,94.1,20.9,1737,0.8
3,10,1,14,0.0714,78.6,25.9,1843,3.2
2,11,0,13,0.0,77.3,26.3,1787,35.6
5,5,0,10,0.0,80.3,25.3,1518,24.9
6,1,0,7,0.0,90.3,23.6,1458,11.5
1,1,0,2,0.0,91.8,24.5,1054,6.3
8,1,0,9,0.0,75.5,26.9,1219,27.2
11,1,0,12,0.0,84.4,25.3,1493,20.1
1,7,2,10,0.2,78.1,26.7,1639,0.0
0,5,1,6,0.1667,86.0,22.1,1322,0.0
1,7,0,8,0.0,84.9,20.1,1865,17.6
4,7,0,11,0.0,85.8,24.0,1610,21.0
2,9,2,13,0.1538,76.0,22.9,1753,0.0
0,2,0,2,0.0,82.1,22.7,917,14.9
1,8,1,10,0.1,93.5,22.0,1572,1.7
2,11,0,13,0.0,91.2,22.9,2066,1.6
4,1,0,5,0.0,88.5,23.5,1136,7.6
1,11,1,13,0.0769,67.7,26.1,1721,0.0
1,7,0,8,0.0,88.1,20.1,1455,14.8
1,9,0,10,0.0,89.9,20.4,1595,14.2
1,10,2,13,0.1538,98.0,21.2,1950,0.0
3,10,0,13,0.0,87.6,21.4,1656,21.1
2,6,0,8,0.0,77.5,18.8,1385,27.5
1,10,3,14,0.2143,89.7,22.2,2003,0.0
1,1,3,5,0.6,93.5,24.9,1485,0.1
3,2,4,9,0.4444,94.2,22.5,1665,0.5
0,2,3,5,0.6,86.2,24.3,1209,0.0
5,0,0,5,0.0,95.0,19.8,1000,0.0
6,0,0,6,0.0,78.2,17.3,1184,16.7
6,0,0,6,0.0,87.4,20.3,1176,12.6
0,12,0,12,0.0,92.2,21.7,1746,1.5
0,4,1,5,0.2,84.4,25.3,1666,0.0
7,0,0,7,0.0,97.0,16.0,1319,1.2
0,5,0,5,0.0,86.3,22.8,1439,14.4
11,0,0,11,0.0,85.5,18.3,1692,14.9
1,1,5,7,0.7143,95.9,20.0,1720,0.0
2,7,0,9,0.0,87.8,19.1,1449,16.8
7,0,0,7,0.0,91.0,18.8,1428,8.4
4,5,1,10,0.1,95.6,22.3,1504,1.7
3,2,0,5,0.0,82.1,21.8,1151,14.0
10,1,0,11,0.0,80.9,22.5,1741,23.5
0,4,5,9,0.5556,98.0,17.2,1723,2.4
0,4,1,5,0.2,89.4,25.1,1210,0.0
0,8,2,10,0.2,96.7,23.7,2021,2.3
1,7,0,8,0.0,80.2,22.8,1410,20.9
1,8,3,12,0.25,77.8,21.2,1753,2.0
3,11,0,14,0.0,90.9,21.2,1744,16.1
8,0,0,8,0.0,88.6,20.4,1667,9.9
2,11,0,13,0.0,89.4,23.1,1779,16.8
3,0,0,3,0.0,98.0,19.9,1265,0.7
9,1,0,10,0.0,83.6,21.7,1642,23.4
1,12,0,13,0.0,95.9,18.5,1767,0.0
7,0,0,7,0.0,92.8,24.2,1191,0.0
1,6,1,8,0.125,83.3,19.7,1549,0.0
1,15,1,17,0.0588,84.3,22.3,2412,1.4
7,1,0,8,0.0,77.0,22.5,1076,25.3
3,9,1,13,0.0769,98.0,19.2,1806,4.4
6,3,0,9,0.0,69.9,24.2,1222,35.1
0,3,1,4,0.25,93.1,21.7,1116,2.1
3,6,0,9,0.0,73.4,24.4,1552,26.6
0,2,0,2,0.0,72.5,26.5,848,25.5
8,7,1,16,0.0625,93.8,22.8,1817,0.0
3,1,0,4,0.0,85.3,19.8,941,9.7
2,4,1,7,0.1429,92.6,25.2,1218,0.0
0,0,1,1,1.0,98.0,23.5,863,0.0
3,7,2,12,0.1667,79.4,27.0,1709,0.0
1,4,2,7,0.2857,90.6,19.3,1845,0.8
1,2,2,5,0.4,88.4,22.1,1189,0.0
3,1,0,4,0.0,89.7,20.9,1070,9.1
4,0,0,4,0.0,80.9,23.5,1137,13.0
2,7,0,9,0.0,98.0,22.6,1948,0.8
1,7,1,9,0.1111,96.5,22.5,1472,0.0
0,2,2,4,0.5,92.3,20.6,1306,0.0
1,2,1,4,0.25,96.7,20.0,1165,0.7
1,5,0,6,0.0,82.2,24.2,1350,20.7
6,0,0,6,0.0,94.4,21.0,1013,2.1
2,4,0,6,0.0,98.0,18.1,1191,1.1
3,0,0,3,0.0,80.7,20.7,983,14.4
0,5,3,8,0.375,92.3,20.7,1411,0.5
3,5,1,9,0.1111,91.8,21.5,1406,0.0
3,3,0,6,0.0,84.5,22.5,1426,14.9
4,1,0,5,0.0,85.9,21.6,1049,13.8
0,15,0,15,0.0,86.5,24.3,1981,27.1
2,8,3,13,0.2308,88.2,23.3,2093,0.0
3,9,2,14,0.1429,91.6,18.5,1911,2.3
4,0,0,4,0.0,91.8,21.3,1073,6.9
0,11,0,11,0.0,86.7,22.6,1888,23.3
0,3,1,4,0.25,83.3,22.6,1142,0.0
8,5,0,13,0.0,82.0,26.3,1662,28.9
7,1,0,8,0.0,85.3,25.2,1501,16.7
3,0,0,3,0.0,67.6,27.4,835,30.8
2,4,2,8,0.25,81.2,22.4,1475,1.5
2,11,0,13,0.0,85.9,18.8,1758,21.1
0,3,2,5,0.4,73.6,24.8,1197,1.4
8,3,0,11,0.0,93.7,18.4,1557,0.0
1,12,0,13,0.0,87.6,17.5,1771,20.6
1,15,0,16,0.0,93.5,25.4,2075,0.0
1,8,1,10,0.1,77.3,21.7,1827,1.5
0,5,0,5,0.0,87.4,25.4,1310,16.4
7,0,0,7,0.0,75.6,26.1,1129,25.4
1,4,0,5,0.0,78.0,25.8,1117,20.0
2,4,2,8,0.25,90.4,22.7,1439,0.3
2,7,0,9,0.0,84.3,19.7,1356,16.6
1,5,3,9,0.3333,86.1,22.0,1963,0.0
1,5,0,6,0.0,91.3,23.3,1369,12.2
1,7,2,10,0.2,90.1,21.4,1613,0.0
8,2,0,10,0.0,91.3,24.9,1298,9.9
10,0,0,10,0.0,96.7,21.8,1261,1.0
4,10,1,15,0.0667,87.6,22.3,1982,2.3
2,8,1,11,0.0909,84.3,20.4,1933,0.9
3,0,0,3,0.0,76.7,28.0,905,25.2
5,3,0,8,0.0,78.4,26.4,1194,22.1
9,2,0,11,0.0,84.1,19.0,1750,17.1
0,5,1,6,0.1667,90.7,24.4,1471,0.0
11,0,0,11,0.0,84.3,23.5,1390,17.6
1,4,1,6,0.1667,82.8,22.0,1255,0.0
6,2,0,8,0.0,74.4,25.6,1172,24.6
1,6,0,7,0.0,81.4,22.0,1636,23.0
5,1,0,6,0.0,91.3,23.0,1080,8.8
1,11,0,12,0.0,92.1,22.4,1807,0.4
6,0,0,6,0.0,90.6,22.2,1205,9.7
0,2,2,4,0.5,82.8,23.3,1078,2.5
3,1,0,4,0.0,85.3,23.0,1173,12.4
1,4,1,6,0.1667,86.0,19.4,1277,0.0
0,5,0,5,0.0,83.4,20.7,1156,16.9
1,5,0,6,0.0,87.6,22.7,1219,13.9
1,8,0,9,0.0,97.2,21.3,1781,0.0
4,9,2,15,0.1333,86.7,18.3,2181,0.0
2,6,0,8,0.0,90.9,18.7,1393,12.5
0,3,0,3,0.0,97.5,22.0,1068,0.1
2,1,2,5,0.4,81.5,17.7,1345,0.0
2,6,0,8,0.0,84.3,21.9,1492,11.0
4,7,3,14,0.2143,98.0,16.5,2174,0.0
2,7,1,10,0.1,83.9,23.0,1679,0.0
1,6,0,7,0.0,88.8,21.2,1344,12.6
7,1,0,8,0.0,85.8,20.2,1391,13.6
1,11,1,13,0.0769,77.7,19.9,2128,0.1
1,5,0,6,0.0,89.1,21.2,1589,10.1
10,4,0,14,0.0,89.7,23.9,1521,18.8
1,4,0,5,0.0,82.5,26.1,1177,20.0
6,1,0,7,0.0,89.4,24.0,1216,10.6
4,6,1,11,0.0909,76.9,28.0,1537,2.2
4,1,0,5,0.0,84.7,22.3,1530,13.1
2,5,0,7,0.0,85.8,20.9,1281,14.8
2,7,0,9,0.0,76.8,23.7,1474,27.5
1,8,0,9,0.0,78.0,23.6,1483,25.2
5,6,2,13,0.1538,75.8,24.8,1825,0.0
1,4,0,5,0.0,94.0,18.7,1415,0.8
1,3,1,5,0.2,90.5,21.2,1581,2.1
6,1,0,7,0.0,90.6,22.0,1113,10.3
2,7,1,10,0.1,98.0,20.5,1472,0.0
6,1,0,7,0.0,84.9,18.9,1398,13.9
0,3,2,5,0.4,91.8,25.7,1266,0.3
0,6,3,9,0.3333,89.5,18.1,1596,0.4
0,4,3,7,0.4286,83.2,23.8,1428,0.0
0,1,0,1,0.0,84.6,26.5,817,12.8
3,14,0,17,0.0,85.4,21.6,2331,0.0
5,10,0,15,0.0,75.7,23.4,1841,39.3
6,1,0,7,0.0,85.4,18.6,1094,11.0
1,8,0,9,0.0,77.9,22.3,1491,29.0
5,0,0,5,0.0,98.0,16.7,1071,0.0
3,0,1,4,0.25,92.0,21.3,1156,0.0
2,3,0,5,0.0,98.0,21.3,1097,0.0
1,10,2,13,0.1538,91.4,24.1,1760,0.0
8,1,0,9,0.0,97.2,19.7,1252,0.0
0,9,0,9,0.0,88.9,20.3,1812,14.8
5,2,0,7,0.0,90.6,22.2,1615,11.7
1,4,0,5,0.0,95.3,21.0,1255,0.3
6,0,0,6,0.0,92.2,18.1,1081,0.0
0,2,4,6,0.6667,78.8,23.5,1372,0.2
5,12,0,17,0.0,85.6,23.3,2102,0.0
3,8,0,11,0.0,86.0,25.4,1552,20.9
0,9,1,10,0.1,83.0,21.3,1664,1.1
1,10,0,11,0.0,92.4,23.2,1749,0.3
3,5,0,8,0.0,98.0,18.8,1398,0.6
2,9,0,11,0.0,94.5,20.6,1566,0.0
1,8,1,10,0.1,92.7,21.7,1485,0.3
6,8,4,18,0.2222,88.9,23.5,2500,0.8
1,1,0,2,0.0,90.6,17.3,896,7.5
0,1,0,1,0.0,82.4,22.5,920,13.8
8,1,0,9,0.0,82.4,22.4,1384,20.4
0,3,2,5,0.4,93.0,19.9,1390,2.1
9,1,0,10,0.0,78.7,24.9,1292,21.0
0,2,4,6,0.6667,85.9,18.1,1523,0.0
1,9,1,11,0.0909,97.8,16.5,1733,0.0
0,5,0,5,0.0,81.7,23.5,1242,22.0
0,4,1,5,0.2,88.6,20.9,1144,0.0
1,2,2,5,0.4,91.6,19.9,1521,0.0
1,6,0,7,0.0,86.3,21.9,1314,14.8
5,8,2,15,0.1333,91.7,21.3,1809,1.1
5,0,0,5,0.0,83.7,19.7,1374,17.0
2,13,0,15,0.0,80.0,24.9,2012,0.0
9,1,0,10,0.0,98.0,18.5,1359,0.7
3,10,1,14,0.0714,77.4,26.4,1809,0.0
2,9,1,12,0.0833,76.6,24.0,1802,0.7
0,3,0,3,0.0,96.3,18.8,1032,2.1
0,6,2,8,0.25,90.4,18.6,1436,1.4
0,7,1,8,0.125,90.2,20.9,1449,0.0
7,2,0,9,0.0,81.0,20.9,1494,19.7
0,2,3,5,0.6,85.8,18.9,1323,0.0
0,1,3,4,0.75,73.8,22.5,1303,0.0
4,10,0,14,0.0,95.0,20.4,1662,0.0
0,11,1,12,0.0833,93.2,23.2,2232,0.0
2,7,0,9,0.0,91.4,21.3,1475,12.6
5,2,0,7,0.0,98.0,25.1,1235,0.0
2,4,0,6,0.0,81.2,22.9,1257,21.5
2,15,0,17,0.0,78.8,23.9,2117,2.1
8,0,0,8,0.0,88.5,22.2,1622,11.6
2,9,1,12,0.0833,88.4,23.2,1977,1.5
5,0,0,5,0.0,83.5,25.6,1200,17.9
4,2,0,6,0.0,88.0,20.2,1150,8.1
7,1,0,8,0.0,82.0,19.1,1368,19.1
2,2,2,6,0.3333,78.6,20.3,1587,1.2
4,7,1,12,0.0833,89.1,24.3,1574,2.3
1,3,3,7,0.4286,81.0,22.9,1321,1.3
2,10,0,12,0.0,78.8,23.3,1695,24.4
1,12,2,15,0.1333,76.3,25.3,2122,0.0
2,12,0,14,0.0,98.0,22.8,1865,0.4
5,7,0,12,0.0,81.2,22.2,1853,27.6
2,0,0,2,0.0,96.9,22.2,974,1.6
1,10,0,11,0.0,92.7,19.3,1688,0.0
5,0,0,5,0.0,92.0,22.8,1032,0.0
3,7,1,11,0.0909,89.7,24.3,1581,0.0
1,5,2,8,0.25,77.9,23.0,1807,0.0
5,0,0,5,0.0,90.0,21.8,1111,6.2
4,2,0,6,0.0,78.8,25.7,1168,20.0
1,5,0,6,0.0,94.2,23.9,1253,1.6
0,5,0,5,0.0,86.5,23.7,1146,11.7
9,2,0,11,0.0,94.2,21.7,1797,0.0
0,1,0,1,0.0,96.0,26.4,947,1.5
5,0,0,5,0.0,91.6,19.6,1443,9.0
3,11,0,14,0.0,87.6,28.0,1842,28.2
0,4,2,6,0.3333,76.2,26.7,1479,1.1
4,0,0,4,0.0,82.2,25.9,971,15.9
6,1,0,7,0.0,78.2,24.7,1063,20.6
12,2,0,14,0.0,90.5,22.4,1872,16.3
2,10,0,12,0.0,85.4,20.6,1766,20.6
6,0,0,6,0.0,76.0,26.2,998,27.0
2,8,3,13,0.2308,85.2,24.3,1855,0.0
6,1,0,7,0.0,88.2,23.5,1208,11.3
4,12,2,18,0.1111,75.5,20.7,2500,0.0
0,5,5,10,0.5,88.6,20.5,1672,1.5
0,6,2,8,0.25,95.6,20.0,1564,0.0
2,9,0,11,0.0,88.2,26.2,1601,16.9
2,10,0,12,0.0,78.6,23.1,1775,27.3
0,15,0,15,0.0,90.8,23.5,2053,1.0
4,6,1,11,0.0909,95.5,21.7,1554,0.3
3,11,0,14,0.0,71.7,23.2,1744,35.3
3,1,0,4,0.0,90.6,24.1,1108,8.5
0,2,2,4,0.5,83.7,24.6,1100,0.4
1,9,2,12,0.1667,98.0,18.0,1795,0.0
4,0,0,4,0.0,91.4,19.8,980,3.3
2,8,2,12,0.1667,95.1,23.6,1968,0.0
2,5,1,8,0.125,85.8,18.9,1356,1.4
2,2,0,4,0.0,71.7,25.6,1042,24.7
2,6,2,10,0.2,84.5,21.6,1578,0.0
2,15,4,21,0.1905,98.0,20.4,2500,0.0
7,1,0,8,0.0,83.4,28.0,1199,18.1
1,4,1,6,0.1667,98.0,18.2,1694,1.4
1,13,5,19,0.2632,73.4,23.1,2500,0.0
9,0,0,9,0.0,87.6,24.9,1185,13.6
9,1,0,10,0.0,92.2,26.8,1278,1.2
0,10,2,12,0.1667,81.4,23.9,1833,0.0
10,0,0,10,0.0,93.0,21.5,1258,0.3
1,9,1,11,0.0909,93.1,21.3,1655,0.0
7,2,0,9,0.0,85.1,25.6,1295,18.2
7,0,0,7,0.0,93.6,20.1,1313,0.0
9,0,0,9,0.0,87.7,25.4,1218,18.2
0,5,4,9,0.4444,87.8,22.9,1859,0.5
2,3,2,7,0.2857,98.0,20.4,1362,1.3
0,3,1,4,0.25,89.3,18.8,1347,0.1
1,6,0,7,0.0,98.0,22.2,1279,0.0
3,1,0,4,0.0,79.7,23.9,943,16.0
1,7,0,8,0.0,84.0,19.6,1259,14.5
3,6,0,9,0.0,82.6,21.8,1590,24.3
0,0,1,1,1.0,96.2,19.0,879,0.0
12,1,0,13,0.0,85.4,19.2,1626,17.3
2,12,0,14,0.0,91.7,23.8,1995,22.0
4,1,0,5,0.0,84.7,22.2,1088,11.3
0,13,1,14,0.0714,90.3,22.1,2275,1.8
0,14,1,15,0.0667,98.0,17.4,2107,0.0
0,11,0,11,0.0,76.8,22.5,1587,31.3
3,7,0,10,0.0,82.1,23.2,1589,24.0
1,9,1,11,0.0909,92.9,18.0,2046,0.5
4,9,3,16,0.1875,87.5,20.6,2304,0.0
2,9,3,14,0.2143,90.2,23.0,2166,0.0
1,2,0,3,0.0,83.0,18.2,1399,17.3
0,5,3,8,0.375,93.3,18.6,1514,0.0
1,5,0,6,0.0,84.1,21.7,1215,14.9
2,9,2,13,0.1538,73.4,21.9,1912,0.3
1,4,2,7,0.2857,89.1,23.4,1496,0.0
2,6,0,8,0.0,76.6,26.2,1413,29.4
5,0,0,5,0.0,97.6,21.2,1024,0.0
0,2,1,3,0.3333,74.0,28.0,1161,1.8
3,2,0,5,0.0,87.5,18.7,1268,13.2
2,2,1,5,0.2,80.5,20.7,1180,0.0
1,6,0,7,0.0,97.3,18.9,1658,0.0
0,5,4,9,0.4444,90.5,22.3,2062,0.0
2,12,1,15,0.0667,97.2,20.9,2111,0.0
0,3,3,6,0.5,81.6,21.6,1470,2.5
4,10,0,14,0.0,88.4,21.2,2129,0.0
4,11,0,15,0.0,78.6,21.1,1810,28.8
5,1,0,6,0.0,78.5,23.2,1112,18.9
2,10,2,14,0.1429,89.9,23.5,1903,0.0
5,0,0,5,0.0,93.0,18.7,984,0.4
4,7,0,11,0.0,96.2,25.5,1568,0.0
5,6,2,13,0.1538,75.2,22.6,1752,0.0
2,7,0,9,0.0,83.8,24.8,1383,23.8
9,0,0,9,0.0,83.5,27.7,1266,20.3
10,1,0,11,0.0,83.3,23.7,1277,21.8
2,5,0,7,0.0,88.1,22.7,1409,12.6
3,1,0,4,0.0,90.8,22.4,988,4.5
7,1,0,8,0.0,75.6,25.7,1304,30.5
11,0,0,11,0.0,78.2,24.3,1759,24.1
1,0,1,2,0.5,88.5,23.1,1008,0.0
0,10,1,11,0.0909,78.6,23.1,1628,0.0
3,9,0,12,0.0,89.0,19.9,1899,19.9
8,1,0,9,0.0,81.8,24.5,1209,21.8
2,8,1,11,0.0909,71.4,24.4,1938,0.3
2,8,0,10,0.0,94.1,25.6,1637,1.3
1,1,3,5,0.6,88.8,21.6,1575,0.8
7,1,0,8,0.0,75.4,19.5,1708,25.2
7,2,0,9,0.0,89.0,22.7,1297,11.6
5,1,0,6,0.0,88.5,19.8,1258,9.0
4,5,0,9,0.0,82.8,18.6,1516,23.7
0,6,4,10,0.4,90.6,21.0,1989,2.1
10,2,0,12,0.0,90.7,17.2,1504,12.5
6,1,0,7,0.0,92.7,23.2,1115,0.0
4,1,0,5,0.0,87.2,22.8,1113,11.6
0,3,2,5,0.4,84.1,20.1,1556,0.0
4,1,0,5,0.0,89.3,20.2,1214,9.2
0,5,0,5,0.0,79.2,20.8,1509,18.2
2,10,2,14,0.1429,89.3,19.7,2085,0.0
1,13,0,14,0.0,87.0,25.0,1879,24.3
1,1,0,2,0.0,98.0,21.5,981,0.0
8,3,0,11,0.0,89.3,25.1,1426,14.0
2,9,0,11,0.0,97.7,22.6,1670,0.8
0,7,0,7,0.0,87.0,19.8,1106,10.6
2,10,0,12,0.0,76.7,24.9,1653,33.5
3,12,3,18,0.1667,92.5,22.5,2500,1.1
3,3,0,6,0.0,86.1,20.4,1525,14.8
0,6,2,8,0.25,87.9,22.2,1819,0.0
1,12,2,15,0.1333,92.8,21.5,2077,0.0
6,3,0,9,0.0,98.0,18.9,1413,0.0
0,4,3,7,0.4286,93.7,24.0,1278,0.0
1,9,0,10,0.0,82.3,27.6,1548,24.9
1,13,0,14,0.0,85.4,21.8,1789,23.5
2,3,0,5,0.0,95.7,21.1,1480,0.0
0,2,1,3,0.3333,85.0,23.1,949,2.2
2,9,3,14,0.2143,76.9,25.8,1936,0.7
6,2,0,8,0.0,87.6,23.0,1310,14.5
2,5,2,9,0.2222,88.8,18.0,1570,1.4
0,2,3,5,0.6,82.6,22.2,1204,0.0
6,1,0,7,0.0,79.6,21.5,1301,20.4
3,8,0,11,0.0,96.2,20.9,1746,0.2
3,3,3,9,0.3333,96.8,18.8,1741,1.1
1,8,0,9,0.0,85.5,23.9,1811,22.0
1,11,0,12,0.0,87.3,19.9,1783,20.1
0,3,1,4,0.25,91.9,22.1,1102,0.0
10,1,0,11,0.0,93.8,21.7,1404,0.6
7,0,0,7,0.0,89.0,18.4,1302,9.8
5,1,0,6,0.0,94.5,21.4,1166,1.9
0,3,1,4,0.25,81.8,22.8,1175,1.2
0,5,2,7,0.2857,80.4,23.4,1394,0.7
3,2,0,5,0.0,94.0,20.4,1042,0.0
0,7,4,11,0.3636,93.8,23.2,1757,1.3
0,1,0,1,0.0,88.2,16.7,817,4.3
1,3,0,4,0.0,92.9,18.9,1096,0.0
0,4,3,7,0.4286,83.6,21.5,1514,0.0
6,0,0,6,0.0,81.8,22.7,1139,13.3
1,12,0,13,0.0,95.7,20.2,2228,2.2
0,7,1,8,0.125,93.2,22.5,1386,0.5
0,3,2,5,0.4,91.5,19.8,1257,2.7
3,3,0,6,0.0,79.7,24.5,1136,22.1
2,8,0,10,0.0,90.6,18.5,1544,10.2
4,9,0,13,0.0,95.2,17.6,1770,0.0
6,0,0,6,0.0,96.5,22.3,1063,0.0
4,10,0,14,0.0,79.4,19.4,2046,0.1
0,4,1,5,0.2,85.5,18.6,1149,0.0
1,0,0,1,0.0,86.2,25.9,687,12.3
1,0,0,1,0.0,92.6,23.3,852,2.1
1,3,0,4,0.0,86.8,23.0,1256,11.8
4,0,0,4,0.0,90.4,23.7,953,8.0
0,1,0,1,0.0,85.4,22.7,763,7.7
0,5,2,7,0.2857,80.7,19.8,1772,0.5
5,1,0,6,0.0,94.6,19.6,1399,0.0
1,11,0,12,0.0,95.4,25.5,1711,1.5
0,2,3,5,0.6,95.0,22.8,1650,1.6
2,10,0,12,0.0,84.9,19.4,1631,20.3
0,5,0,5,0.0,90.4,20.5,1501,12.3
1,8,0,9,0.0,95.1,25.0,1578,0.0
1,6,0,7,0.0,92.5,18.6,1410,0.8
6,1,0,7,0.0,98.0,19.1,1254,0.7
3,4,3,10,0.3,78.5,25.4,1583,0.0
5,7,1,13,0.0769,84.7,25.6,2062,1.0
0,2,1,3,0.3333,90.4,20.7,1363,1.2
1,6,0,7,0.0,83.3,27.0,1383,22.7
0,7,0,7,0.0,80.6,22.9,1282,23.0
6,0,0,6,0.0,94.0,21.5,1486,0.0
0,10,0,10,0.0,92.0,23.1,1524,0.2
4,0,0,4,0.0,75.7,27.7,1049,25.8
4,0,0,4,0.0,79.5,27.9,1052,15.9
2,9,3,14,0.2143,91.3,25.1,2019,1.8
1,2,3,6,0.5,98.0,24.4,1388,0.0
10,1,0,11,0.0,86.3,24.3,1415,16.9
3,10,0,13,0.0,83.8,21.3,2183,0.0
1,4,4,9,0.4444,85.1,23.7,1504,0.0
11,2,0,13,0.0,94.3,21.4,1917,0.1
1,6,0,7,0.0,78.0,25.3,1474,22.6
2,8,3,13,0.2308,83.2,20.0,1841,0.0
1,9,2,12,0.1667,95.7,19.2,1866,0.6
5,5,0,10,0.0,94.1,17.8,1798,0.0
0,9,0,9,0.0,82.9,18.2,1757,21.4
0,9,4,13,0.3077,86.8,23.7,1951,0.0
3,9,0,12,0.0,91.5,19.7,1913,17.6
11,0,0,11,0.0,96.9,19.1,1696,3.4
4,9,0,13,0.0,84.1,25.0,1820,26.3
7,1,0,8,0.0,95.2,22.0,1155,1.5
3,7,0,10,0.0,95.4,20.3,1867,0.3
4,0,0,4,0.0,96.8,23.0,1270,0.2
1,1,3,5,0.6,90.4,23.3,1140,0.5
3,5,0,8,0.0,79.8,16.9,1581,18.9
0,10,0,10,0.0,89.1,24.7,1531,15.8
4,1,0,5,0.0,95.3,19.8,1246,0.0
5,7,2,14,0.1429,98.0,19.4,2198,0.0
1,3,3,7,0.4286,93.5,19.9,1553,0.0
0,3,1,4,0.25,78.9,24.3,1145,0.0
3,9,0,12,0.0,79.6,23.1,1755,27.9
0,7,3,10,0.3,82.1,23.4,1670,0.0
1,10,0,11,0.0,87.7,24.6,1864,24.0
1,3,0,4,0.0,85.5,20.3,1103,13.9
1,7,0,8,0.0,65.9,22.2,1314,39.3
3,9,0,12,0.0,76.5,22.5,1711,32.2
1,5,0,6,0.0,85.7,21.6,1607,14.9
3,14,0,17,0.0,81.1,20.5,1925,34.2
8,2,0,10,0.0,82.0,20.3,1626,19.5
1,15,0,16,0.0,97.7,21.9,2114,2.4
1,3,1,5,0.2,92.5,16.3,1648,0.0
0,3,1,4,0.25,90.9,20.0,1163,2.5
10,1,0,11,0.0,90.7,23.6,1135,10.3
2,7,0,9,0.0,86.1,25.7,1495,21.2
3,7,2,12,0.1667,98.0,21.6,1605,1.9
3,15,2,20,0.1,98.0,23.5,2336,0.1
5,1,0,6,0.0,97.7,19.4,1282,0.0
1,7,2,10,0.2,79.3,21.4,1572,1.4
3,12,0,15,0.0,85.7,17.3,2342,1.0
0,8,0,8,0.0,78.5,25.5,1438,23.9
0,8,1,9,0.1111,91.2,21.8,1571,0.5
5,9,2,16,0.125,91.9,22.6,1857,0.0
0,5,1,6,0.1667,80.2,24.8,1725,0.0
6,2,0,8,0.0,77.3,23.0,1360,25.6
0,2,3,5,0.6,85.4,22.1,1186,0.0
2,8,3,13,0.2308,85.9,21.4,2153,1.2
2,0,0,2,0.0,92.0,21.6,826,0.0
9,1,0,10,0.0,90.3,20.3,1407,12.2
4,8,3,15,0.2,92.6,21.0,2178,1.5
0,8,0,8,0.0,91.9,23.3,1354,13.3
2,5,1,8,0.125,84.8,18.9,1462,0.0
2,8,5,15,0.3333,98.0,23.3,2125,0.0
2,9,0,11,0.0,82.7,22.4,1502,27.0
2,10,0,12,0.0,89.5,20.5,1781,14.0
3,1,0,4,0.0,85.9,19.7,1090,10.2
1,7,1,9,0.1111,87.7,18.6,1485,0.0
4,12,3,19,0.1579,84.3,19.2,2307,1.3
9,0,0,9,0.0,82.7,19.5,1189,17.3
2,2,0,4,0.0,61.2,22.2,1129,32.7
1,10,0,11,0.0,96.1,16.0,1697,0.0
3,8,0,11,0.0,97.8,23.4,1589,0.2
0,0,0,0,0.0,83.7,23.4,617,14.8
1,1,3,5,0.6,98.0,24.4,1359,0.7
2,3,2,7,0.2857,94.2,21.0,1367,0.0
1,11,3,15,0.2,93.0,21.4,2021,0.5
3,6,1,10,0.1,80.4,23.2,1789,0.0
1,12,1,14,0.0714,77.2,23.5,2170,2.7
7,0,0,7,0.0,85.9,23.8,1368,11.5
1,11,0,12,0.0,89.0,21.3,1750,18.5
0,3,0,3,0.0,88.9,21.9,911,5.9
3,8,0,11,0.0,92.1,20.7,1455,0.0
1,8,0,9,0.0,96.2,23.0,1472,0.0
1,10,0,11,0.0,92.1,20.4,1698,0.2
8,1,0,9,0.0,91.8,21.2,1744,9.0
1,5,0,6,0.0,87.0,20.9,1734,15.3
1,10,5,16,0.3125,92.7,16.1,2378,0.0
3,2,0,5,0.0,92.5,19.5,1456,0.5
9,1,0,10,0.0,81.1,25.6,1365,21.2
2,5,0,7,0.0,94.4,21.9,1317,0.0
3,0,0,3,0.0,84.4,22.9,906,8.3
2,6,2,10,0.2,85.7,23.6,1692,2.5
7,1,0,8,0.0,83.7,19.6,1459,21.0
0,5,2,7,0.2857,76.6,23.8,1408,1.1
7,2,0,9,0.0,90.6,21.7,1238,12.5
3,11,2,16,0.125,93.6,22.8,1956,0.7
2,5,3,10,0.3,89.2,20.9,1575,3.4
1,5,2,8,0.25,83.8,17.6,1789,0.0
8,0,0,8,0.0,80.5,20.9,1151,17.9
0,3,0,3,0.0,85.2,22.3,1400,12.9
2,10,2,14,0.1429,86.7,27.0,1893,0.7
2,9,0,11,0.0,96.8,21.5,1602,2.1
8,0,0,8,0.0,73.2,21.6,1230,23.9
11,0,0,11,0.0,91.6,20.3,1337,8.9
2,14,4,20,0.2,87.1,23.0,2371,0.0
1,8,0,9,0.0,85.3,22.9,1450,16.6
6,3,0,9,0.0,84.7,23.0,1397,17.4
0,11,4,15,0.2667,87.7,20.8,2143,0.0
1,11,0,12,0.0,83.8,23.7,1735,24.8
5,0,0,5,0.0,88.3,19.7,1358,3.8
4,5,1,10,0.1,97.3,22.4,1441,0.0
4,1,0,5,0.0,91.7,22.1,1239,15.0
5,9,0,14,0.0,98.0,22.0,1794,0.0
5,8,2,15,0.1333,93.8,23.2,1894,0.0
1,3,4,8,0.5,90.8,23.1,1550,0.0
10,0,0,10,0.0,88.4,21.6,1373,12.1
6,1,0,7,0.0,82.0,20.3,1096,15.2
7,1,0,8,0.0,80.7,20.2,982,15.3
